{"buildingList":[
	{
		"buildingName": "Office Building", 
		"buildingNumber": "Building 4221", 
		"descriptionParagraph": "Test json paragraph - 4221",
		"images" : ["4221.jpg", "MSFC_4221.jpg", "MSFC_4221_sunset.jpg"],
		"thumbnailIcon": "4221.jpg",
		"iconType": 1,
		"active":true, 
		"markerLeft":13, 
		"markerTop":16,
		"numberOfStories": 6
	},
	{
		"buildingName": "Propulsion R&D Lab", 
		"buildingNumber": "Building 4205", 
		"descriptionParagraph": "Test json paragraph - 4205",
		"images" : ["4205.jpg"],
		"thumbnailIcon": "4205.jpg",
		"iconType": 2,
		"active":true,
		"markerLeft":22, 
		"markerTop":12,
		"numberOfStories": 2
	},
	{
		"buildingName": "Multipurpose Facility",
		"buildingNumber": "Building 4316",
		"descriptionParagraph": "Test json paragraph - 4316",
		"images" : ["activities.jpg"],
		"thumbnailIcon": "activities.jpg",
		"iconType": 3,
		"active":true, 
		"markerLeft":29, 
		"markerTop":31
	},
	{
		"buildingName": "Historic Redstone Test", 
		"buildingNumber": "Building 4665", 
		"descriptionParagraph": "Test json paragraph - 4665",
		"images" : ["4665_historic_1.jpg", "4665_historic_2.jpg", "4665_historic_3.jpg"],
		"thumbnailIcon": "4665_historic_2.jpg",
		"iconType": 4,
		"active":true, 
		"markerLeft":62, 
		"markerTop":52
	},
	{
		"buildingName": "Office Building", 
		"buildingNumber": "Building 4203", 
		"descriptionParagraph": "Test json paragraph - 4203",
		"images" : ["temp.jpg"],
		"thumbnailIcon": "temp.jpg",
		"iconType": 1,
		"active":false, 
		"markerLeft":0, 
		"markerTop":0,
		"numberOfStories": 8
	},
	{
		"buildingName": "Communication Facility", 
		"buildingNumber": "Building 4207", 
		"descriptionParagraph": "Test json paragraph - 4207",
		"images" : ["temp.jpg", "chandra.jpg"],
		"thumbnailIcon": "temp.jpg",
		"iconType": 4,
		"active":false, 
		"markerLeft":30, 
		"markerTop":50
	},
	{
		"buildingName": "Satellite Live Building", 
		"buildingNumber": "Building 4207A",
		"descriptionParagraph": "Test json paragraph ~",
		"images" : ["temp.jpg"],
		"thumbnailIcon": "temp.jpg",
		"iconType": 5,
		"active": false, 
		"markerLeft":0, 
		"markerTop":0
	},
	{
		"buildingName": "Satellite Maintenace", 
		"buildingNumber": "Building 4207B",
		"descriptionParagraph": "Test json paragraph ~",
		"images" : ["temp.jpg"],
		"thumbnailIcon": "temp.jpg",
		"iconType": 5,
		"active": false, 
		"markerLeft":0, 
		"markerTop":0
	},
	{
		"buildingName": "UPS Support Facility", 
		"buildingNumber": "Building 4208",
		"descriptionParagraph": "Test json paragraph ~",
		"images" : ["temp.jpg"],
		"thumbnailIcon": "temp.jpg",
		"iconType": 5,
		"active": false, 
		"markerLeft":0, 
		"markerTop":0
	},
	{
		"buildingName": "Central Utility Building", 
		"buildingNumber": "Building 4209",
		"descriptionParagraph": "Test json paragraph ~",
		"images" : ["temp.jpg"],
		"thumbnailIcon": "temp.jpg",
		"iconType": 5,
		"active": false, 
		"markerLeft":0, 
		"markerTop":0,
		"numberOfStories": 1
	},
	{
		"buildingName": "Antenna Support Facility", 
		"buildingNumber": "Building 4208",
		"descriptionParagraph": "Test json paragraph ~",
		"images" : ["temp.jpg"],
		"thumbnailIcon": "temp.jpg",
		"iconType": 5,
		"active": false, 
		"markerLeft":0, 
		"markerTop":0
	},
	{
		"buildingName": "Pump House",
		"buildingNumber": "Building 4211",
		"descriptionParagraph": "Test json paragraph ~",
		"images" : ["temp.jpg"],
		"thumbnailIcon": "temp.jpg",
		"iconType": 5,
		"active": false, 
		"markerLeft":0, 
		"markerTop":0
	},
	{
		"buildingName": "Softball Field", 
		"buildingNumber": "Building 4212",
		"descriptionParagraph": "Test json paragraph ~",
		"images" : ["temp.jpg"],
		"thumbnailIcon": "temp.jpg",
		"iconType": 5,
		"active": false, 
		"markerLeft":0, 
		"markerTop":0
	},
	{
		"buildingName": "Office Building", 
		"buildingNumber": "Building 4220",
		"descriptionParagraph": "Test json paragraph ~",
		"images" : ["temp.jpg"],
		"thumbnailIcon": "temp.jpg",
		"iconType": 5,
		"active": false, 
		"markerLeft":0, 
		"markerTop":0
	},
	{
		"buildingName": "Office & Storage", 
		"buildingNumber": "Building 4241",
		"descriptionParagraph": "Test json paragraph ~",
		"images" : ["temp.jpg"],
		"thumbnailIcon": "temp.jpg",
		"iconType": 5,
		"active": false, 
		"markerLeft":0, 
		"markerTop":0,
		"numberOfStories": 3
	},
	{
		"buildingName": "Office Building", 
		"buildingNumber": "Building 4244",
		"descriptionParagraph": "Test json paragraph ~",
		"images" : ["temp.jpg"],
		"thumbnailIcon": "temp.jpg",
		"iconType": 5,
		"active": false, 
		"markerLeft":50, 
		"markerTop":90
	},
	{
		"buildingName": "Medical Center &", 
		"buildingNumber": "Building 4249",
		"descriptionParagraph": "Test json paragraph ~",
		"images" : ["temp.jpg"],
		"thumbnailIcon": "temp.jpg",
		"iconType": 5,
		"active": false, 
		"markerLeft":0, 
		"markerTop":0,
		"numberOfStories": 1
	},
	{
		"buildingName": "Shed", 
		"buildingNumber": "Building 4249A",
		"descriptionParagraph": "Test json paragraph ~",
		"images" : ["temp.jpg"],
		"thumbnailIcon": "temp.jpg",
		"iconType": 5,
		"active": false, 
		"markerLeft":0, 
		"markerTop":0
	},
	{
		"buildingName": "Office Building", 
		"buildingNumber": "Building 4250",
		"descriptionParagraph": "Test json paragraph ~",
		"images" : ["temp.jpg"],
		"thumbnailIcon": "temp.jpg",
		"iconType": 5,
		"active": false, 
		"markerLeft":0, 
		"markerTop":0,
		"numberOfStories": 1
	},
	{
		"buildingName": "Office & Storage", 
		"buildingNumber": "Building 4251",
		"descriptionParagraph": "Test json paragraph ~",
		"images" : ["temp.jpg"],
		"thumbnailIcon": "temp.jpg",
		"iconType": 5,
		"active": false, 
		"markerLeft":0, 
		"markerTop":0,
		"numberOfStories": 1
	},
	{
		"buildingName": "Steam Cleaning Facility", 
		"buildingNumber": "Building 4252",
		"descriptionParagraph": "Test json paragraph ~",
		"images" : ["temp.jpg"],
		"thumbnailIcon": "temp.jpg",
		"iconType": 5,
		"active": false, 
		"markerLeft":0, 
		"markerTop":0,
		"numberOfStories": 1
	},
	{
		"buildingName": "Office Building", 
		"buildingNumber": "Building 4260",
		"descriptionParagraph": "Test json paragraph ~",
		"images" : ["temp.jpg"],
		"thumbnailIcon": "temp.jpg",
		"iconType": 5,
		"active": false, 
		"markerLeft":0, 
		"markerTop":0,
		"numberOfStories": 2
	},
	{
		"buildingName": "Office Building", 
		"buildingNumber": "Building 4306",
		"descriptionParagraph": "Test json paragraph ~",
		"images" : ["temp.jpg"],
		"thumbnailIcon": "temp.jpg",
		"iconType": 5,
		"active": false, 
		"markerLeft":0, 
		"markerTop":0
	},
	{
		"buildingName": "Security HQ Visitor", 
		"buildingNumber": "Building 4312",
		"descriptionParagraph": "Test json paragraph ~",
		"images" : ["temp.jpg"],
		"thumbnailIcon": "temp.jpg",
		"iconType": 5,
		"active": false, 
		"markerLeft":0, 
		"markerTop":0
	},
	{
		"buildingName": "Wellness Center", 
		"buildingNumber": "Building 4315",
		"descriptionParagraph": "Test json paragraph ~",
		"images" : ["temp.jpg"],
		"thumbnailIcon": "temp.jpg",
		"iconType": 5,
		"active": false, 
		"markerLeft":0, 
		"markerTop":0
	},
	{
		"buildingName": "Storage Building", 
		"buildingNumber": "Building 4319",
		"descriptionParagraph": "Test json paragraph ~",
		"images" : ["temp.jpg"],
		"thumbnailIcon": "temp.jpg",
		"iconType": 5,
		"active": false, 
		"markerLeft":0, 
		"markerTop":0
	},
	{
		"buildingName": "M1 Yard Shed", 
		"buildingNumber": "Building 4343",
		"descriptionParagraph": "Test json paragraph ~",
		"images" : ["temp.jpg"],
		"thumbnailIcon": "temp.jpg",
		"iconType": 5,
		"active": false, 
		"markerLeft":0, 
		"markerTop":0
	},
	{
		"buildingName": "M1 Yard Shed", 
		"buildingNumber": "Building 4344",
		"descriptionParagraph": "Test json paragraph ~",
		"images" : ["temp.jpg"],
		"thumbnailIcon": "temp.jpg",
		"iconType": 5,
		"active": false, 
		"markerLeft":0, 
		"markerTop":0
	},
	{
		"buildingName": "M1 Yard Storage Building", 
		"buildingNumber": "Building 4345",
		"descriptionParagraph": "Test json paragraph ~",
		"images" : ["temp.jpg"],
		"thumbnailIcon": "temp.jpg",
		"iconType": 5,
		"active": false, 
		"markerLeft":0, 
		"markerTop":0
	},
	{
		"buildingName": "Child Development Center", 
		"buildingNumber": "Building 4346",
		"descriptionParagraph": "Test json paragraph ~",
		"images" : ["temp.jpg"],
		"thumbnailIcon": "temp.jpg",
		"iconType": 5,
		"active": false, 
		"markerLeft":0, 
		"markerTop":0,
		"numberOfStories": 1
	},
	{
		"buildingName": "Automated Lunar and", 
		"buildingNumber": "Building 4347",
		"descriptionParagraph": "Test json paragraph ~",
		"images" : ["temp.jpg"],
		"thumbnailIcon": "temp.jpg",
		"iconType": 5,
		"active": false, 
		"markerLeft":0, 
		"markerTop":0
	},
	{
		"buildingName": "Storage Building", 
		"buildingNumber": "Building 4348",
		"descriptionParagraph": "Test json paragraph ~",
		"images" : ["temp.jpg"],
		"thumbnailIcon": "temp.jpg",
		"iconType": 5,
		"active": false, 
		"markerLeft":0, 
		"markerTop":0
	},
	{
		"buildingName": "M2 Yard Shed", 
		"buildingNumber": "Building 4349",
		"descriptionParagraph": "Test json paragraph ~",
		"images" : ["temp.jpg"],
		"thumbnailIcon": "temp.jpg",
		"iconType": 5,
		"active": false, 
		"markerLeft":0, 
		"markerTop":0
	},
	{
		"buildingName": "M2 Yard Shed", 
		"buildingNumber": "Building 4350",
		"descriptionParagraph": "Test json paragraph ~",
		"images" : ["temp.jpg"],
		"thumbnailIcon": "temp.jpg",
		"iconType": 5,
		"active": false, 
		"markerLeft":0, 
		"markerTop":0
	},
	{
		"buildingName": "Compactor Facility", 
		"buildingNumber": "Building 4391",
		"descriptionParagraph": "Test json paragraph ~",
		"images" : ["temp.jpg"],
		"thumbnailIcon": "temp.jpg",
		"iconType": 5,
		"active": false, 
		"markerLeft":0, 
		"markerTop":0
	},
	{
		"buildingName": "Hardware Simulation", 
		"buildingNumber": "Building 4436",
		"descriptionParagraph": "Test json paragraph ~",
		"images" : ["temp.jpg"],
		"thumbnailIcon": "temp.jpg",
		"iconType": 5,
		"active": false, 
		"markerLeft":0, 
		"markerTop":0
	},
	{
		"buildingName": "Pump House", 
		"buildingNumber": "Building 4443",
		"descriptionParagraph": "Test json paragraph ~",
		"images" : ["temp.jpg"],
		"thumbnailIcon": "temp.jpg",
		"iconType": 5,
		"active": false, 
		"markerLeft":0, 
		"markerTop":0
	},
	{
		"buildingName": "Water Tank", 
		"buildingNumber": "Building 4444",
		"descriptionParagraph": "Test json paragraph ~",
		"images" : ["temp.jpg"],
		"thumbnailIcon": "temp.jpg",
		"iconType": 5,
		"active": false, 
		"markerLeft":0, 
		"markerTop":0
	},
	{
		"buildingName": "Ionic Liquids Technology", 
		"buildingNumber": "Building 4464",
		"descriptionParagraph": "Test json paragraph ~",
		"images" : ["temp.jpg"],
		"thumbnailIcon": "temp.jpg",
		"iconType": 5,
		"active": false, 
		"markerLeft":0, 
		"markerTop":0
	},
	{
		"buildingName": "Storage Building", 
		"buildingNumber": "Building 4465",
		"descriptionParagraph": "Test json paragraph ~",
		"images" : ["temp.jpg"],
		"thumbnailIcon": "temp.jpg",
		"iconType": 5,
		"active": false, 
		"markerLeft":0, 
		"markerTop":0
	},
	{
		"buildingName": "Office & Storage", 
		"buildingNumber": "Building 4466",
		"descriptionParagraph": "Test json paragraph ~",
		"images" : ["temp.jpg"],
		"thumbnailIcon": "temp.jpg",
		"iconType": 5,
		"active": false, 
		"markerLeft":0, 
		"markerTop":0
	},
	{
		"buildingName": "Communication Cross", 
		"buildingNumber": "Building 4470",
		"descriptionParagraph": "Test json paragraph ~",
		"images" : ["temp.jpg"],
		"thumbnailIcon": "temp.jpg",
		"iconType": 5,
		"active": false, 
		"markerLeft":0, 
		"markerTop":0
	},
	{
		"buildingName": "Central Chiller Facility", 
		"buildingNumber": "Building 4473",
		"descriptionParagraph": "Test json paragraph ~",
		"images" : ["temp.jpg"],
		"thumbnailIcon": "temp.jpg",
		"iconType": 5,
		"active": false, 
		"markerLeft":0, 
		"markerTop":0
	},
	{
		"buildingName": "Power Systems Laboratory", 
		"buildingNumber": "Building 4475",
		"descriptionParagraph": "Test json paragraph ~",
		"images" : ["temp.jpg"],
		"thumbnailIcon": "temp.jpg",
		"iconType": 5,
		"active": false, 
		"markerLeft":0, 
		"markerTop":0
	},
	{
		"buildingName": "Marshall Avionics Sys", 
		"buildingNumber": "Building 4476",
		"descriptionParagraph": "Test json paragraph ~",
		"images" : ["temp.jpg"],
		"thumbnailIcon": "temp.jpg",
		"iconType": 5,
		"active": false, 
		"markerLeft":0, 
		"markerTop":0
	},
	{
		"buildingName": "Audio Laboratory", 
		"buildingNumber": "Building 4477",
		"descriptionParagraph": "Test json paragraph ~",
		"images" : ["temp.jpg"],
		"thumbnailIcon": "temp.jpg",
		"iconType": 5,
		"active": false, 
		"markerLeft":0, 
		"markerTop":0
	},
	{
		"buildingName": "Equipment Shed", 
		"buildingNumber": "Building 4478",
		"descriptionParagraph": "Test json paragraph ~",
		"images" : ["temp.jpg"],
		"thumbnailIcon": "temp.jpg",
		"iconType": 5,
		"active": false, 
		"markerLeft":0, 
		"markerTop":0
	},
	{
		"buildingName": "Storage Building", 
		"buildingNumber": "Building 4480",
		"descriptionParagraph": "Test json paragraph ~",
		"images" : ["temp.jpg"],
		"thumbnailIcon": "temp.jpg",
		"iconType": 5,
		"active": false, 
		"markerLeft":0, 
		"markerTop":0
	},
	{
		"buildingName": "Heavy Equipment", 
		"buildingNumber": "Building 4482",
		"descriptionParagraph": "Test json paragraph ~",
		"images" : ["temp.jpg"],
		"thumbnailIcon": "temp.jpg",
		"iconType": 5,
		"active": false, 
		"markerLeft":0, 
		"markerTop":0
	},
	{
		"buildingName": "Vehicle Maintenace Shop", 
		"buildingNumber": "Building 4483",
		"descriptionParagraph": "Test json paragraph ~",
		"images" : ["temp.jpg"],
		"thumbnailIcon": "temp.jpg",
		"iconType": 5,
		"active": false, 
		"markerLeft":0, 
		"markerTop":0
	},
	{
		"buildingName": "Office Building", 
		"buildingNumber": "Building 4485",
		"descriptionParagraph": "Test json paragraph ~",
		"images" : ["temp.jpg"],
		"thumbnailIcon": "temp.jpg",
		"iconType": 5,
		"active": false, 
		"markerLeft":0, 
		"markerTop":0
	},
	{
		"buildingName": "Laboratory & Office", 
		"buildingNumber": "Building 4487",
		"descriptionParagraph": "Test json paragraph ~",
		"images" : ["temp.jpg"],
		"thumbnailIcon": "temp.jpg",
		"iconType": 5,
		"active": false, 
		"markerLeft":0, 
		"markerTop":0
	},
	{
		"buildingName": "Documentation Repository", 
		"buildingNumber": "Building 4491",
		"descriptionParagraph": "Test json paragraph ~",
		"images" : ["temp.jpg"],
		"thumbnailIcon": "temp.jpg",
		"iconType": 5,
		"active": false, 
		"markerLeft":0, 
		"markerTop":0
	},
	{
		"buildingName": "Space Systems", 
		"buildingNumber": "Building 4493",
		"descriptionParagraph": "Test json paragraph ~",
		"images" : ["temp.jpg"],
		"thumbnailIcon": "temp.jpg",
		"iconType": 5,
		"active": false, 
		"markerLeft":0, 
		"markerTop":0
	},
	{
		"buildingName": "Storage Shed", 
		"buildingNumber": "Building 4493A",
		"descriptionParagraph": "Test json paragraph ~",
		"images" : ["temp.jpg"],
		"thumbnailIcon": "temp.jpg",
		"iconType": 5,
		"active": false, 
		"markerLeft":0, 
		"markerTop":0
	},
	{
		"buildingName": "Office Building", 
		"buildingNumber": "Building 4494",
		"descriptionParagraph": "Test json paragraph ~",
		"images" : ["temp.jpg"],
		"thumbnailIcon": "temp.jpg",
		"iconType": 5,
		"active": false, 
		"markerLeft":0, 
		"markerTop":0
	},
	{
		"buildingName": "Shed", 
		"buildingNumber": "Building 4498",
		"descriptionParagraph": "Test json paragraph ~",
		"images" : ["temp.jpg"],
		"thumbnailIcon": "temp.jpg",
		"iconType": 5,
		"active": false, 
		"markerLeft":0, 
		"markerTop":0
	},
	{
		"buildingName": "Shed", 
		"buildingNumber": "Building 4499",
		"descriptionParagraph": "Test json paragraph ~",
		"images" : ["temp.jpg"],
		"thumbnailIcon": "temp.jpg",
		"iconType": 5,
		"active": false, 
		"markerLeft":0, 
		"markerTop":0
	},
	{
		"buildingName": "LH2 Storage Facility", 
		"buildingNumber": "Building 4517",
		"descriptionParagraph": "Test json paragraph ~",
		"images" : ["temp.jpg"],
		"thumbnailIcon": "temp.jpg",
		"iconType": 5,
		"active": false, 
		"markerLeft":0, 
		"markerTop":0
	},
	{
		"buildingName": "Bunker", 
		"buildingNumber": "Building 4519",
		"descriptionParagraph": "Test json paragraph ~",
		"images" : ["temp.jpg"],
		"thumbnailIcon": "temp.jpg",
		"iconType": 5,
		"active": false, 
		"markerLeft":0, 
		"markerTop":0
	},
	{
		"buildingName": "Solid Propulsion Test", 
		"buildingNumber": "Building 4520",
		"descriptionParagraph": "Test json paragraph ~",
		"images" : ["temp.jpg"],
		"thumbnailIcon": "temp.jpg",
		"iconType": 5,
		"active": false, 
		"markerLeft":0, 
		"markerTop":0
	},
	{
		"buildingName": "Data Collection &", 
		"buildingNumber": "Building 4520A",
		"descriptionParagraph": "Test json paragraph ~",
		"images" : ["temp.jpg"],
		"thumbnailIcon": "temp.jpg",
		"iconType": 5,
		"active": false, 
		"markerLeft":0, 
		"markerTop":0
	},
	{
		"buildingName": "Vehicle Static Test", 
		"buildingNumber": "Building 4520B",
		"descriptionParagraph": "Test json paragraph ~",
		"images" : ["temp.jpg"],
		"thumbnailIcon": "temp.jpg",
		"iconType": 5,
		"active": false, 
		"markerLeft":0, 
		"markerTop":0
	},
	{
		"buildingName": "Transit Shed", 
		"buildingNumber": "Building 4522A",
		"descriptionParagraph": "Test json paragraph ~",
		"images" : ["temp.jpg"],
		"thumbnailIcon": "temp.jpg",
		"iconType": 5,
		"active": false, 
		"markerLeft":0, 
		"markerTop":0
	},
	{
		"buildingName": "Transit Shed", 
		"buildingNumber": "Building 4524B",
		"descriptionParagraph": "Test json paragraph ~",
		"images" : ["temp.jpg"],
		"thumbnailIcon": "temp.jpg",
		"iconType": 5,
		"active": false, 
		"markerLeft":0, 
		"markerTop":0
	},
	{
		"buildingName": "Test Support Building", 
		"buildingNumber": "Building 4524",
		"descriptionParagraph": "Test json paragraph ~",
		"images" : ["temp.jpg"],
		"thumbnailIcon": "temp.jpg",
		"iconType": 5,
		"active": false, 
		"markerLeft":0, 
		"markerTop":0
	},
	{
		"buildingName": "Test Support Building", 
		"buildingNumber": "Building 4524B",
		"descriptionParagraph": "Test json paragraph ~",
		"images" : ["temp.jpg"],
		"thumbnailIcon": "temp.jpg",
		"iconType": 5,
		"active": false, 
		"markerLeft":0, 
		"markerTop":0
	},
	{
		"buildingName": "LH2 Storage Tank", 
		"buildingNumber": "Building 4527",
		"descriptionParagraph": "Test json paragraph ~",
		"images" : ["temp.jpg"],
		"thumbnailIcon": "temp.jpg",
		"iconType": 5,
		"active": false, 
		"markerLeft":0, 
		"markerTop":0
	},
	{
		"buildingName": "Test Facility 300", 
		"buildingNumber": "Building 4530",
		"descriptionParagraph": "Test json paragraph ~",
		"images" : ["temp.jpg"],
		"thumbnailIcon": "temp.jpg",
		"iconType": 5,
		"active": false, 
		"markerLeft":0, 
		"markerTop":0
	},
	{
		"buildingName": "Test Stand Support", 
		"buildingNumber": "Building 4531",
		"descriptionParagraph": "Test json paragraph ~",
		"images" : ["temp.jpg"],
		"thumbnailIcon": "temp.jpg",
		"iconType": 5,
		"active": false, 
		"markerLeft":0, 
		"markerTop":0
	},
	{
		"buildingName": "Shed", 
		"buildingNumber": "Building 4531A",
		"descriptionParagraph": "Test json paragraph ~",
		"images" : ["temp.jpg"],
		"thumbnailIcon": "temp.jpg",
		"iconType": 5,
		"active": false, 
		"markerLeft":0, 
		"markerTop":0
	},
	{
		"buildingName": "Test Support Building", 
		"buildingNumber": "Building 4532",
		"descriptionParagraph": "Test json paragraph ~",
		"images" : ["temp.jpg"],
		"thumbnailIcon": "temp.jpg",
		"iconType": 5,
		"active": false, 
		"markerLeft":0, 
		"markerTop":0
	},
	{
		"buildingName": "Test Support Building", 
		"buildingNumber": "Building 4533",
		"descriptionParagraph": "Test json paragraph ~",
		"images" : ["temp.jpg"],
		"thumbnailIcon": "temp.jpg",
		"iconType": 5,
		"active": false, 
		"markerLeft":0, 
		"markerTop":0
	},
	{
		"buildingName": "Shed", 
		"buildingNumber": "Building 4534",
		"descriptionParagraph": "Test json paragraph ~",
		"images" : ["temp.jpg"],
		"thumbnailIcon": "temp.jpg",
		"iconType": 5,
		"active": false, 
		"markerLeft":0, 
		"markerTop":0
	},
	{
		"buildingName": "Shed", 
		"buildingNumber": "Building 4535",
		"descriptionParagraph": "Test json paragraph ~",
		"images" : ["temp.jpg"],
		"thumbnailIcon": "temp.jpg",
		"iconType": 5,
		"active": false, 
		"markerLeft":0, 
		"markerTop":0
	},
	{
		"buildingName": "Test Support Building", 
		"buildingNumber": "Building 4537",
		"descriptionParagraph": "Test json paragraph ~",
		"images" : ["temp.jpg"],
		"thumbnailIcon": "temp.jpg",
		"iconType": 5,
		"active": false, 
		"markerLeft":0, 
		"markerTop":0
	},
	{
		"buildingName": "Test Stand Support", 
		"buildingNumber": "Building 4539",
		"descriptionParagraph": "Test json paragraph ~",
		"images" : ["temp.jpg"],
		"thumbnailIcon": "temp.jpg",
		"iconType": 5,
		"active": false, 
		"markerLeft":0, 
		"markerTop":0
	},
	{
		"buildingName": "Test Facility 116", 
		"buildingNumber": "Building 4540",
		"descriptionParagraph": "Test json paragraph ~",
		"images" : ["temp.jpg"],
		"thumbnailIcon": "temp.jpg",
		"iconType": 5,
		"active": false, 
		"markerLeft":0, 
		"markerTop":0
	},
	{
		"buildingName": "Test Stand Control", 
		"buildingNumber": "Building 4541",
		"descriptionParagraph": "Test json paragraph ~",
		"images" : ["temp.jpg"],
		"thumbnailIcon": "temp.jpg",
		"iconType": 5,
		"active": false, 
		"markerLeft":0, 
		"markerTop":0
	},
	{
		"buildingName": "Test Support Building", 
		"buildingNumber": "Building 4542",
		"descriptionParagraph": "Test json paragraph ~",
		"images" : ["temp.jpg"],
		"thumbnailIcon": "temp.jpg",
		"iconType": 5,
		"active": false, 
		"markerLeft":0, 
		"markerTop":0
	},
	{
		"buildingName": "Turbo Pump/High Volume", 
		"buildingNumber": "Building 4548",
		"descriptionParagraph": "Test json paragraph ~",
		"images" : ["temp.jpg"],
		"thumbnailIcon": "temp.jpg",
		"iconType": 5,
		"active": false, 
		"markerLeft":0, 
		"markerTop":0
	},
	{
		"buildingName": "Advanced Propulsion Test", 
		"buildingNumber": "Building 4549",
		"descriptionParagraph": "Test json paragraph ~",
		"images" : ["temp.jpg"],
		"thumbnailIcon": "temp.jpg",
		"iconType": 5,
		"active": false, 
		"markerLeft":0, 
		"markerTop":0
	},
	{
		"buildingName": "Structural Dynamic Test", 
		"buildingNumber": "Building 4550",
		"descriptionParagraph": "Test json paragraph ~",
		"images" : ["temp.jpg"],
		"thumbnailIcon": "temp.jpg",
		"iconType": 5,
		"active": false, 
		"markerLeft":0, 
		"markerTop":0
	},
	{
		"buildingName": "Structural Dynamic", 
		"buildingNumber": "Building 4551",
		"descriptionParagraph": "Test json paragraph ~",
		"images" : ["temp.jpg"],
		"thumbnailIcon": "temp.jpg",
		"iconType": 5,
		"active": false, 
		"markerLeft":0, 
		"markerTop":0
	},
	{
		"buildingName": "Water Reservoir", 
		"buildingNumber": "Building 4552",
		"descriptionParagraph": "Test json paragraph ~",
		"images" : ["temp.jpg"],
		"thumbnailIcon": "temp.jpg",
		"iconType": 5,
		"active": false, 
		"markerLeft":0, 
		"markerTop":0
	},
	{
		"buildingName": "Test Facility Terminal", 
		"buildingNumber": "Building 4553",
		"descriptionParagraph": "Test json paragraph ~",
		"images" : ["temp.jpg"],
		"thumbnailIcon": "temp.jpg",
		"iconType": 5,
		"active": false, 
		"markerLeft":0, 
		"markerTop":0
	},
	{
		"buildingName": "Transit Shed", 
		"buildingNumber": "Building 4553A",
		"descriptionParagraph": "Test json paragraph ~",
		"images" : ["temp.jpg"],
		"thumbnailIcon": "temp.jpg",
		"iconType": 5,
		"active": false, 
		"markerLeft":0, 
		"markerTop":0
	},
	{
		"buildingName": "Transit Shed", 
		"buildingNumber": "Building 4553B",
		"descriptionParagraph": "Test json paragraph ~",
		"images" : ["temp.jpg"],
		"thumbnailIcon": "temp.jpg",
		"iconType": 5,
		"active": false, 
		"markerLeft":0, 
		"markerTop":0
	},
	{
		"buildingName": "Transit Shed", 
		"buildingNumber": "Building 4553C",
		"descriptionParagraph": "Test json paragraph ~",
		"images" : ["temp.jpg"],
		"thumbnailIcon": "temp.jpg",
		"iconType": 5,
		"active": false, 
		"markerLeft":0, 
		"markerTop":0
	},
	{
		"buildingName": "Hot Gas Test Facility", 
		"buildingNumber": "Building 4554",
		"descriptionParagraph": "Test json paragraph ~",
		"images" : ["temp.jpg"],
		"thumbnailIcon": "temp.jpg",
		"iconType": 5,
		"active": false, 
		"markerLeft":0, 
		"markerTop":0
	},
	{
		"buildingName": "Test Support Facility", 
		"buildingNumber": "Building 4554A",
		"descriptionParagraph": "Test json paragraph ~",
		"images" : ["temp.jpg"],
		"thumbnailIcon": "temp.jpg",
		"iconType": 5,
		"active": false, 
		"markerLeft":0, 
		"markerTop":0
	},
	{
		"buildingName": "Test Support Structure", 
		"buildingNumber": "Building 4554B",
		"descriptionParagraph": "Test json paragraph ~",
		"images" : ["temp.jpg"],
		"thumbnailIcon": "temp.jpg",
		"iconType": 5,
		"active": false, 
		"markerLeft":0, 
		"markerTop":0
	},
	{
		"buildingName": "Materials Environment", 
		"buildingNumber": "Building 4555",
		"descriptionParagraph": "Test json paragraph ~",
		"images" : ["temp.jpg"],
		"thumbnailIcon": "temp.jpg",
		"iconType": 5,
		"active": false, 
		"markerLeft":0, 
		"markerTop":0
	},
	{
		"buildingName": "Transit Shed", 
		"buildingNumber": "Building 4555A",
		"descriptionParagraph": "Test json paragraph ~",
		"images" : ["temp.jpg"],
		"thumbnailIcon": "temp.jpg",
		"iconType": 5,
		"active": false, 
		"markerLeft":0, 
		"markerTop":0
	},
	{
		"buildingName": "Transit Shed", 
		"buildingNumber": "Building 4555B",
		"descriptionParagraph": "Test json paragraph ~",
		"images" : ["temp.jpg"],
		"thumbnailIcon": "temp.jpg",
		"iconType": 5,
		"active": false, 
		"markerLeft":0, 
		"markerTop":0
	},
	{
		"buildingName": "Shed", 
		"buildingNumber": "Building 4555C",
		"descriptionParagraph": "Test json paragraph ~",
		"images" : ["temp.jpg"],
		"thumbnailIcon": "temp.jpg",
		"iconType": 5,
		"active": false, 
		"markerLeft":0, 
		"markerTop":0
	},
	{
		"buildingName": "Shed", 
		"buildingNumber": "Building 4555D",
		"descriptionParagraph": "Test json paragraph ~",
		"images" : ["temp.jpg"],
		"thumbnailIcon": "temp.jpg",
		"iconType": 5,
		"active": false, 
		"markerLeft":0, 
		"markerTop":0
	},
	{
		"buildingName": "Bunker", 
		"buildingNumber": "Building 4556",
		"descriptionParagraph": "Test json paragraph ~",
		"images" : ["temp.jpg"],
		"thumbnailIcon": "temp.jpg",
		"iconType": 5,
		"active": false, 
		"markerLeft":0, 
		"markerTop":0
	},
	{
		"buildingName": "Pump Station", 
		"buildingNumber": "Building 4557",
		"descriptionParagraph": "Test json paragraph ~",
		"images" : ["temp.jpg"],
		"thumbnailIcon": "temp.jpg",
		"iconType": 5,
		"active": false, 
		"markerLeft":0, 
		"markerTop":0
	},
	{
		"buildingName": "Structural Test Fac Term", 
		"buildingNumber": "Building 4558",
		"descriptionParagraph": "Test json paragraph ~",
		"images" : ["temp.jpg"],
		"thumbnailIcon": "temp.jpg",
		"iconType": 5,
		"active": false, 
		"markerLeft":0, 
		"markerTop":0
	},
	{
		"buildingName": "Shear Shop Facility", 
		"buildingNumber": "Building 4559",
		"descriptionParagraph": "Test json paragraph ~",
		"images" : ["temp.jpg"],
		"thumbnailIcon": "temp.jpg",
		"iconType": 5,
		"active": false, 
		"markerLeft":0, 
		"markerTop":0
	},
	{
		"buildingName": "Propulsion Sys Test Observatory", 
		"buildingNumber": "Building 4560",
		"descriptionParagraph": "Test json paragraph ~",
		"images" : ["temp.jpg"],
		"thumbnailIcon": "temp.jpg",
		"iconType": 5,
		"active": false, 
		"markerLeft":0, 
		"markerTop":0
	},
	{
		"buildingName": "Test Control &", 
		"buildingNumber": "Building 4561",
		"descriptionParagraph": "Test json paragraph ~",
		"images" : ["temp.jpg"],
		"thumbnailIcon": "temp.jpg",
		"iconType": 5,
		"active": false, 
		"markerLeft":0, 
		"markerTop":0
	},
	{
		"buildingName": "Transit Shed", 
		"buildingNumber": "Building 4561A",
		"descriptionParagraph": "Test json paragraph ~",
		"images" : ["temp.jpg"],
		"thumbnailIcon": "temp.jpg",
		"iconType": 5,
		"active": false, 
		"markerLeft":0, 
		"markerTop":0
	},
	{
		"buildingName": "Transit Shed", 
		"buildingNumber": "Building 4561B",
		"descriptionParagraph": "Test json paragraph ~",
		"images" : ["temp.jpg"],
		"thumbnailIcon": "temp.jpg",
		"iconType": 5,
		"active": false, 
		"markerLeft":0, 
		"markerTop":0
	},
	{
		"buildingName": "Transit Shed", 
		"buildingNumber": "Building 4561C",
		"descriptionParagraph": "Test json paragraph ~",
		"images" : ["temp.jpg"],
		"thumbnailIcon": "temp.jpg",
		"iconType": 5,
		"active": false, 
		"markerLeft":0, 
		"markerTop":0
	},
	{
		"buildingName": "Transit Shed", 
		"buildingNumber": "Building 4561D",
		"descriptionParagraph": "Test json paragraph ~",
		"images" : ["temp.jpg"],
		"thumbnailIcon": "temp.jpg",
		"iconType": 5,
		"active": false, 
		"markerLeft":0, 
		"markerTop":0
	},
	{
		"buildingName": "Water Resservoir", 
		"buildingNumber": "Building 4562",
		"descriptionParagraph": "Test json paragraph ~",
		"images" : ["temp.jpg"],
		"thumbnailIcon": "temp.jpg",
		"iconType": 5,
		"active": false, 
		"markerLeft":0, 
		"markerTop":0
	},
	{
		"buildingName": "Solid Propellant", 
		"buildingNumber": "Building 4563",
		"descriptionParagraph": "Test json paragraph ~",
		"images" : ["temp.jpg"],
		"thumbnailIcon": "temp.jpg",
		"iconType": 5,
		"active": false, 
		"markerLeft":0, 
		"markerTop":0
	},
	{
		"buildingName": "Test Area Explosives", 
		"buildingNumber": "Building 4564",
		"descriptionParagraph": "Test json paragraph ~",
		"images" : ["temp.jpg"],
		"thumbnailIcon": "temp.jpg",
		"iconType": 5,
		"active": false, 
		"markerLeft":0, 
		"markerTop":0
	},
	{
		"buildingName": "Storm Shelter", 
		"buildingNumber": "Building 4565",
		"descriptionParagraph": "Test json paragraph ~",
		"images" : ["temp.jpg"],
		"thumbnailIcon": "temp.jpg",
		"iconType": 5,
		"active": false, 
		"markerLeft":0, 
		"markerTop":0
	},
	{
		"buildingName": "Elevated Water Tank", 
		"buildingNumber": "Building 4566",
		"descriptionParagraph": "Test json paragraph ~",
		"images" : ["temp.jpg"],
		"thumbnailIcon": "temp.jpg",
		"iconType": 5,
		"active": false, 
		"markerLeft":0, 
		"markerTop":0
	},
	{
		"buildingName": "Bunker", 
		"buildingNumber": "Building 4569",
		"descriptionParagraph": "Test json paragraph ~",
		"images" : ["temp.jpg"],
		"thumbnailIcon": "temp.jpg",
		"iconType": 5,
		"active": false, 
		"markerLeft":0, 
		"markerTop":0
	},
	{
		"buildingName": "Advanced Propulsion", 
		"buildingNumber": "Building 4570",
		"descriptionParagraph": "Test json paragraph ~",
		"images" : ["temp.jpg"],
		"thumbnailIcon": "temp.jpg",
		"iconType": 5,
		"active": false, 
		"markerLeft":0, 
		"markerTop":0
	},
	{
		"buildingName": "Mech Equip Building", 
		"buildingNumber": "Building 4570A",
		"descriptionParagraph": "Test json paragraph ~",
		"images" : ["temp.jpg"],
		"thumbnailIcon": "temp.jpg",
		"iconType": 5,
		"active": false, 
		"markerLeft":0, 
		"markerTop":0
	},
	{
		"buildingName": "Impact Test Facility", 
		"buildingNumber": "Building 4571",
		"descriptionParagraph": "Test json paragraph ~",
		"images" : ["temp.jpg"],
		"thumbnailIcon": "temp.jpg",
		"iconType": 5,
		"active": false, 
		"markerLeft":0, 
		"markerTop":0
	},
	{
		"buildingName": "Impact Test Facility", 
		"buildingNumber": "Building 4571A",
		"descriptionParagraph": "Test json paragraph ~",
		"images" : ["temp.jpg"],
		"thumbnailIcon": "temp.jpg",
		"iconType": 5,
		"active": false, 
		"markerLeft":0, 
		"markerTop":0
	},
	{
		"buildingName": "Propulsion &", 
		"buildingNumber": "Building 4572",
		"descriptionParagraph": "Test json paragraph ~",
		"images" : ["temp.jpg"],
		"thumbnailIcon": "temp.jpg",
		"iconType": 5,
		"active": false, 
		"markerLeft":0, 
		"markerTop":0
	},
	{
		"buildingName": "Structural Strength", 
		"buildingNumber": "Building 4572A",
		"descriptionParagraph": "Test json paragraph ~",
		"images" : ["temp.jpg"],
		"thumbnailIcon": "temp.jpg",
		"iconType": 5,
		"active": false, 
		"markerLeft":0, 
		"markerTop":0
	},
	{
		"buildingName": "Bottle Battery", 
		"buildingNumber": "Building 4572B",
		"descriptionParagraph": "Test json paragraph ~",
		"images" : ["temp.jpg"],
		"thumbnailIcon": "temp.jpg",
		"iconType": 5,
		"active": false, 
		"markerLeft":0, 
		"markerTop":0
	},
	{
		"buildingName": "Observation Bunker", 
		"buildingNumber": "Building 4574",
		"descriptionParagraph": "Test json paragraph ~",
		"images" : ["temp.jpg"],
		"thumbnailIcon": "temp.jpg",
		"iconType": 5,
		"active": false, 
		"markerLeft":0, 
		"markerTop":0
	},
	{
		"buildingName": "LWD Reservoir", 
		"buildingNumber": "Building 4579",
		"descriptionParagraph": "Test json paragraph ~",
		"images" : ["temp.jpg"],
		"thumbnailIcon": "temp.jpg",
		"iconType": 5,
		"active": false, 
		"markerLeft":0, 
		"markerTop":0
	},
	{
		"buildingName": "Nitrogen Gas Storage", 
		"buildingNumber": "Building 4581",
		"descriptionParagraph": "Test json paragraph ~",
		"images" : ["temp.jpg"],
		"thumbnailIcon": "temp.jpg",
		"iconType": 5,
		"active": false, 
		"markerLeft":0, 
		"markerTop":0
	},
	{
		"buildingName": "Carpenter's Shop", 
		"buildingNumber": "Building 4582",
		"descriptionParagraph": "Test json paragraph ~",
		"images" : ["temp.jpg"],
		"thumbnailIcon": "temp.jpg",
		"iconType": 5,
		"active": false, 
		"markerLeft":0, 
		"markerTop":0
	},
	{
		"buildingName": "Test & Data", 
		"buildingNumber": "Building 4583",
		"descriptionParagraph": "Test json paragraph ~",
		"images" : ["temp.jpg"],
		"thumbnailIcon": "temp.jpg",
		"iconType": 5,
		"active": false, 
		"markerLeft":0, 
		"markerTop":0
	},
	{
		"buildingName": "Test Stand 115",
		"buildingNumber": "Building 4583A",
		"descriptionParagraph": "Test json paragraph ~",
		"images" : ["temp.jpg"],
		"thumbnailIcon": "temp.jpg",
		"iconType": 5,
		"active": false, 
		"markerLeft":0, 
		"markerTop":0
	},
	{
		"buildingName": "Test Support Building", 
		"buildingNumber": "Building 4583B",
		"descriptionParagraph": "Test json paragraph ~",
		"images" : ["temp.jpg"],
		"thumbnailIcon": "temp.jpg",
		"iconType": 5,
		"active": false, 
		"markerLeft":0, 
		"markerTop":0
	},
	{
		"buildingName": "Test Support Building", 
		"buildingNumber": "Building 4584",
		"descriptionParagraph": "Test json paragraph ~",
		"images" : ["temp.jpg"],
		"thumbnailIcon": "temp.jpg",
		"iconType": 5,
		"active": false, 
		"markerLeft":0, 
		"markerTop":0
	},
	{
		"buildingName": "Test Support Building", 
		"buildingNumber": "Building 4585",
		"descriptionParagraph": "Test json paragraph ~",
		"images" : ["temp.jpg"],
		"thumbnailIcon": "temp.jpg",
		"iconType": 5,
		"active": false, 
		"markerLeft":0, 
		"markerTop":0
	},
	{
		"buildingName": "Laser Facility", 
		"buildingNumber": "Building 4586",
		"descriptionParagraph": "Test json paragraph ~",
		"images" : ["temp.jpg"],
		"thumbnailIcon": "temp.jpg",
		"iconType": 5,
		"active": false, 
		"markerLeft":0, 
		"markerTop":0
	},
	{
		"buildingName": "Vacuum Pump Station", 
		"buildingNumber": "Building 4587",
		"descriptionParagraph": "Test json paragraph ~",
		"images" : ["temp.jpg"],
		"thumbnailIcon": "temp.jpg",
		"iconType": 5,
		"active": false, 
		"markerLeft":0, 
		"markerTop":0
	},
	{
		"buildingName": "Test Support Building", 
		"buildingNumber": "Building 4588A",
		"descriptionParagraph": "Test json paragraph ~",
		"images" : ["temp.jpg"],
		"thumbnailIcon": "temp.jpg",
		"iconType": 5,
		"active": false, 
		"markerLeft":0, 
		"markerTop":0
	},
	{
		"buildingName": "Shed", 
		"buildingNumber": "Building 4588B",
		"descriptionParagraph": "Test json paragraph ~",
		"images" : ["temp.jpg"],
		"thumbnailIcon": "temp.jpg",
		"iconType": 5,
		"active": false, 
		"markerLeft":0, 
		"markerTop":0
	},
	{
		"buildingName": "Solar Thermal Facility", 
		"buildingNumber": "Building 4590",
		"descriptionParagraph": "Test json paragraph ~",
		"images" : ["temp.jpg"],
		"thumbnailIcon": "temp.jpg",
		"iconType": 5,
		"active": false, 
		"markerLeft":0, 
		"markerTop":0
	},
	{
		"buildingName": "Bunker", 
		"buildingNumber": "Building 4594",
		"descriptionParagraph": "Test json paragraph ~",
		"images" : ["temp.jpg"],
		"thumbnailIcon": "temp.jpg",
		"iconType": 5,
		"active": false, 
		"markerLeft":0, 
		"markerTop":0
	},
	{
		"buildingName": "Test Area Maintenance", 
		"buildingNumber": "Building 4596",
		"descriptionParagraph": "Test json paragraph ~",
		"images" : ["temp.jpg"],
		"thumbnailIcon": "temp.jpg",
		"iconType": 5,
		"active": false, 
		"markerLeft":0, 
		"markerTop":0
	},
	{
		"buildingName": "Transit Shed", 
		"buildingNumber": "Building 4596B",
		"descriptionParagraph": "Test json paragraph ~",
		"images" : ["temp.jpg"],
		"thumbnailIcon": "temp.jpg",
		"iconType": 5,
		"active": false, 
		"markerLeft":0, 
		"markerTop":0
	},
	{
		"buildingName": "Fuel Tank Storage", 
		"buildingNumber": "Building 4597",
		"descriptionParagraph": "Test json paragraph ~",
		"images" : ["temp.jpg"],
		"thumbnailIcon": "temp.jpg",
		"iconType": 5,
		"active": false, 
		"markerLeft":0, 
		"markerTop":0
	},
	{
		"buildingName": "Nitrogen Gas Storage", 
		"buildingNumber": "Building 4598",
		"descriptionParagraph": "Test json paragraph ~",
		"images" : ["temp.jpg"],
		"thumbnailIcon": "temp.jpg",
		"iconType": 5,
		"active": false, 
		"markerLeft":0, 
		"markerTop":0
	},
	{
		"buildingName": "Storage Building", 
		"buildingNumber": "Building 4604",
		"descriptionParagraph": "Test json paragraph ~",
		"images" : ["temp.jpg"],
		"thumbnailIcon": "temp.jpg",
		"iconType": 5,
		"active": false, 
		"markerLeft":0, 
		"markerTop":0
	},
	{
		"buildingName": "Environmental Effects", 
		"buildingNumber": "Building 4605",
		"descriptionParagraph": "Test json paragraph ~",
		"images" : ["temp.jpg"],
		"thumbnailIcon": "temp.jpg",
		"iconType": 5,
		"active": false, 
		"markerLeft":0, 
		"markerTop":0
	},
	{
		"buildingName": "Central Air Station", 
		"buildingNumber": "Building 4607",
		"descriptionParagraph": "Test json paragraph ~",
		"images" : ["temp.jpg"],
		"thumbnailIcon": "temp.jpg",
		"iconType": 5,
		"active": false, 
		"markerLeft":0, 
		"markerTop":0
	},
	{
		"buildingName": "Boiler House", 
		"buildingNumber": "Building 4607A",
		"descriptionParagraph": "Test json paragraph ~",
		"images" : ["temp.jpg"],
		"thumbnailIcon": "temp.jpg",
		"iconType": 5,
		"active": false, 
		"markerLeft":0, 
		"markerTop":0
	},
	{
		"buildingName": "Pistol Range Storage", 
		"buildingNumber": "Building 4608",
		"descriptionParagraph": "Test json paragraph ~",
		"images" : ["temp.jpg"],
		"thumbnailIcon": "temp.jpg",
		"iconType": 5,
		"active": false, 
		"markerLeft":0, 
		"markerTop":0
	},
	{
		"buildingName": "Pistol Range", 
		"buildingNumber": "Building 4608A",
		"descriptionParagraph": "Test json paragraph ~",
		"images" : ["temp.jpg"],
		"thumbnailIcon": "temp.jpg",
		"iconType": 5,
		"active": false, 
		"markerLeft":0, 
		"markerTop":0
	},
	{
		"buildingName": "Office & Engineering", 
		"buildingNumber": "Building 4610",
		"descriptionParagraph": "Test json paragraph ~",
		"images" : ["temp.jpg"],
		"thumbnailIcon": "temp.jpg",
		"iconType": 5,
		"active": false, 
		"markerLeft":0, 
		"markerTop":0
	},
	{
		"buildingName": "Automotive Fuel Facility", 
		"buildingNumber": "Building 4611",
		"descriptionParagraph": "Test json paragraph ~",
		"images" : ["temp.jpg"],
		"thumbnailIcon": "temp.jpg",
		"iconType": 5,
		"active": false, 
		"markerLeft":0, 
		"markerTop":0
	},
	{
		"buildingName": "Generator Support", 
		"buildingNumber": "Building 4611A",
		"descriptionParagraph": "Test json paragraph ~",
		"images" : ["temp.jpg"],
		"thumbnailIcon": "temp.jpg",
		"iconType": 5,
		"active": false, 
		"markerLeft":0, 
		"markerTop":0
	},
	{
		"buildingName": "AC Equipment Building", 
		"buildingNumber": "Building 4613",
		"descriptionParagraph": "Test json paragraph ~",
		"images" : ["temp.jpg"],
		"thumbnailIcon": "temp.jpg",
		"iconType": 5,
		"active": false, 
		"markerLeft":0, 
		"markerTop":0
	},
	{
		"buildingName": "Storage Building", 
		"buildingNumber": "Building 4616",
		"descriptionParagraph": "Test json paragraph ~",
		"images" : ["temp.jpg"],
		"thumbnailIcon": "temp.jpg",
		"iconType": 5,
		"active": false, 
		"markerLeft":0, 
		"markerTop":0
	},
	{
		"buildingName": "Heat Treatment Facility", 
		"buildingNumber": "Building 4618",
		"descriptionParagraph": "Test json paragraph ~",
		"images" : ["temp.jpg"],
		"thumbnailIcon": "temp.jpg",
		"iconType": 5,
		"active": false, 
		"markerLeft":0, 
		"markerTop":0
	},
	{
		"buildingName": "Argon Storage Facility", 
		"buildingNumber": "Building 4618A",
		"descriptionParagraph": "Test json paragraph ~",
		"images" : ["temp.jpg"],
		"thumbnailIcon": "temp.jpg",
		"iconType": 5,
		"active": false, 
		"markerLeft":0, 
		"markerTop":0
	},
	{
		"buildingName": "Structures &", 
		"buildingNumber": "Building 4619",
		"descriptionParagraph": "Test json paragraph ~",
		"images" : ["temp.jpg"],
		"thumbnailIcon": "temp.jpg",
		"iconType": 5,
		"active": false, 
		"markerLeft":0, 
		"markerTop":0
	},
	{
		"buildingName": "Shed", 
		"buildingNumber": "Building 4619B",
		"descriptionParagraph": "Test json paragraph ~",
		"images" : ["temp.jpg"],
		"thumbnailIcon": "temp.jpg",
		"iconType": 5,
		"active": false, 
		"markerLeft":0, 
		"markerTop":0
	},
	{
		"buildingName": "HP Pneumatic Facility", 
		"buildingNumber": "Building 4620",
		"descriptionParagraph": "Test json paragraph ~",
		"images" : ["temp.jpg"],
		"thumbnailIcon": "temp.jpg",
		"iconType": 5,
		"active": false, 
		"markerLeft":0, 
		"markerTop":0
	},
	{
		"buildingName": "Storage Building", 
		"buildingNumber": "Building 4621",
		"descriptionParagraph": "Test json paragraph ~",
		"images" : ["temp.jpg"],
		"thumbnailIcon": "temp.jpg",
		"iconType": 5,
		"active": false, 
		"markerLeft":0, 
		"markerTop":0
	},
	{
		"buildingName": "Center Activities", 
		"buildingNumber": "Building 4622",
		"descriptionParagraph": "Test json paragraph ~",
		"images" : ["temp.jpg"],
		"thumbnailIcon": "temp.jpg",
		"iconType": 5,
		"active": false, 
		"markerLeft":0, 
		"markerTop":0
	},
	{
		"buildingName": "Environmental Gas", 
		"buildingNumber": "Building 4623",
		"descriptionParagraph": "Test json paragraph ~",
		"images" : ["temp.jpg"],
		"thumbnailIcon": "temp.jpg",
		"iconType": 5,
		"active": false, 
		"markerLeft":0, 
		"markerTop":0
	},
	{
		"buildingName": "Storage Building", 
		"buildingNumber": "Building 4624",
		"descriptionParagraph": "Test json paragraph ~",
		"images" : ["temp.jpg"],
		"thumbnailIcon": "temp.jpg",
		"iconType": 5,
		"active": false, 
		"markerLeft":0, 
		"markerTop":0
	},
	{
		"buildingName": "Covered  Storage", 
		"buildingNumber": "Building 4624A",
		"descriptionParagraph": "Test json paragraph ~",
		"images" : ["temp.jpg"],
		"thumbnailIcon": "temp.jpg",
		"iconType": 5,
		"active": false, 
		"markerLeft":0, 
		"markerTop":0
	},
	{
		"buildingName": "Shed", 
		"buildingNumber": "Building 4624B",
		"descriptionParagraph": "Test json paragraph ~",
		"images" : ["temp.jpg"],
		"thumbnailIcon": "temp.jpg",
		"iconType": 5,
		"active": false, 
		"markerLeft":0, 
		"markerTop":0
	},
	{
		"buildingName": "Shed", 
		"buildingNumber": "Building 4624C",
		"descriptionParagraph": "Test json paragraph ~",
		"images" : ["temp.jpg"],
		"thumbnailIcon": "temp.jpg",
		"iconType": 5,
		"active": false, 
		"markerLeft":0, 
		"markerTop":0
	},
	{
		"buildingName": "Shed", 
		"buildingNumber": "Building 4624D",
		"descriptionParagraph": "Test json paragraph ~",
		"images" : ["temp.jpg"],
		"thumbnailIcon": "temp.jpg",
		"iconType": 5,
		"active": false, 
		"markerLeft":0, 
		"markerTop":0
	},
	{
		"buildingName": "Storage Building", 
		"buildingNumber": "Building 4625",
		"descriptionParagraph": "Test json paragraph ~",
		"images" : ["temp.jpg"],
		"thumbnailIcon": "temp.jpg",
		"iconType": 5,
		"active": false, 
		"markerLeft":0, 
		"markerTop":0
	},
	{
		"buildingName": "Storage Facility", 
		"buildingNumber": "Building 4625A",
		"descriptionParagraph": "Test json paragraph ~",
		"images" : ["temp.jpg"],
		"thumbnailIcon": "temp.jpg",
		"iconType": 5,
		"active": false, 
		"markerLeft":0, 
		"markerTop":0
	},
	{
		"buildingName": "Storage Facility", 
		"buildingNumber": "Building 4625B",
		"descriptionParagraph": "Test json paragraph ~",
		"images" : ["temp.jpg"],
		"thumbnailIcon": "temp.jpg",
		"iconType": 5,
		"active": false, 
		"markerLeft":0, 
		"markerTop":0
	},
	{
		"buildingName": "LH2 Cold Flow  Facility", 
		"buildingNumber": "Building 4626",
		"descriptionParagraph": "Test json paragraph ~",
		"images" : ["temp.jpg"],
		"thumbnailIcon": "temp.jpg",
		"iconType": 5,
		"active": false, 
		"markerLeft":0, 
		"markerTop":0
	},
	{
		"buildingName": "Security Training Center", 
		"buildingNumber": "Building 4627",
		"descriptionParagraph": "Test json paragraph ~",
		"images" : ["temp.jpg"],
		"thumbnailIcon": "temp.jpg",
		"iconType": 5,
		"active": false, 
		"markerLeft":0, 
		"markerTop":0
	},
	{
		"buildingName": "Hydrogen Test Facility", 
		"buildingNumber": "Building 4628",
		"descriptionParagraph": "Test json paragraph ~",
		"images" : ["temp.jpg"],
		"thumbnailIcon": "temp.jpg",
		"iconType": 5,
		"active": false, 
		"markerLeft":0, 
		"markerTop":0
	},
	{
		"buildingName": "Chemical Storage", 
		"buildingNumber": "Building 4628A",
		"descriptionParagraph": "Test json paragraph ~",
		"images" : ["temp.jpg"],
		"thumbnailIcon": "temp.jpg",
		"iconType": 5,
		"active": false, 
		"markerLeft":0, 
		"markerTop":0
	},
	{
		"buildingName": "Hydraulic Pump House", 
		"buildingNumber": "Building 4628B",
		"descriptionParagraph": "Test json paragraph ~",
		"images" : ["temp.jpg"],
		"thumbnailIcon": "temp.jpg",
		"iconType": 5,
		"active": false, 
		"markerLeft":0, 
		"markerTop":0
	},
	{
		"buildingName": "Hydraulic Pump House", 
		"buildingNumber": "Building 4628C",
		"descriptionParagraph": "Test json paragraph ~",
		"images" : ["temp.jpg"],
		"thumbnailIcon": "temp.jpg",
		"iconType": 5,
		"active": false, 
		"markerLeft":0, 
		"markerTop":0
	},
	{
		"buildingName": "Hydraulic Pump House", 
		"buildingNumber": "Building 4628D",
		"descriptionParagraph": "Test json paragraph ~",
		"images" : ["temp.jpg"],
		"thumbnailIcon": "temp.jpg",
		"iconType": 5,
		"active": false, 
		"markerLeft":0, 
		"markerTop":0
	},
	{
		"buildingName": "Information Mission", 
		"buildingNumber": "Building 4629",
		"descriptionParagraph": "Test json paragraph ~",
		"images" : ["temp.jpg"],
		"thumbnailIcon": "temp.jpg",
		"iconType": 5,
		"active": false, 
		"markerLeft":0, 
		"markerTop":0
	},
	{
		"buildingName": "Test Support Building", 
		"buildingNumber": "Building 4630",
		"descriptionParagraph": "Test json paragraph ~",
		"images" : ["temp.jpg"],
		"thumbnailIcon": "temp.jpg",
		"iconType": 5,
		"active": false, 
		"markerLeft":0, 
		"markerTop":0
	},
	{
		"buildingName": "Pump Shelter", 
		"buildingNumber": "Building 4630A",
		"descriptionParagraph": "Test json paragraph ~",
		"images" : ["temp.jpg"],
		"thumbnailIcon": "temp.jpg",
		"iconType": 5,
		"active": false, 
		"markerLeft":0, 
		"markerTop":0
	},
	{
		"buildingName": "Transit Shed", 
		"buildingNumber": "Building 4630B",
		"descriptionParagraph": "Test json paragraph ~",
		"images" : ["temp.jpg"],
		"thumbnailIcon": "temp.jpg",
		"iconType": 5,
		"active": false, 
		"markerLeft":0, 
		"markerTop":0
	},
	{
		"buildingName": "Shipping & Receiving", 
		"buildingNumber": "Building 4631",
		"descriptionParagraph": "Test json paragraph ~",
		"images" : ["temp.jpg"],
		"thumbnailIcon": "temp.jpg",
		"iconType": 5,
		"active": false, 
		"markerLeft":0, 
		"markerTop":0
	},
	{
		"buildingName": "Bottle Battery", 
		"buildingNumber": "Building 4632",
		"descriptionParagraph": "Test json paragraph ~",
		"images" : ["temp.jpg"],
		"thumbnailIcon": "temp.jpg",
		"iconType": 5,
		"active": false, 
		"markerLeft":0, 
		"markerTop":0
	},
	{
		"buildingName": "Valve Warehouse", 
		"buildingNumber": "Building 4634",
		"descriptionParagraph": "Test json paragraph ~",
		"images" : ["temp.jpg"],
		"thumbnailIcon": "temp.jpg",
		"iconType": 5,
		"active": false, 
		"markerLeft":0, 
		"markerTop":0
	},
	{
		"buildingName": "Hazardous Waste", 
		"buildingNumber": "Building 4635-1",
		"descriptionParagraph": "Test json paragraph ~",
		"images" : ["temp.jpg"],
		"thumbnailIcon": "temp.jpg",
		"iconType": 5,
		"active": false, 
		"markerLeft":0, 
		"markerTop":0
	},
	{
		"buildingName": "Hazardous Waste", 
		"buildingNumber": "Building 4635-2",
		"descriptionParagraph": "Test json paragraph ~",
		"images" : ["temp.jpg"],
		"thumbnailIcon": "temp.jpg",
		"iconType": 5,
		"active": false, 
		"markerLeft":0, 
		"markerTop":0
	},
	{
		"buildingName": "Hazardous Waste", 
		"buildingNumber": "Building 4635-3",
		"descriptionParagraph": "Test json paragraph ~",
		"images" : ["temp.jpg"],
		"thumbnailIcon": "temp.jpg",
		"iconType": 5,
		"active": false, 
		"markerLeft":0, 
		"markerTop":0
	},
	{
		"buildingName": "Chemmical Waste Storage", 
		"buildingNumber": "Building 4635-4",
		"descriptionParagraph": "Test json paragraph ~",
		"images" : ["temp.jpg"],
		"thumbnailIcon": "temp.jpg",
		"iconType": 5,
		"active": false, 
		"markerLeft":0, 
		"markerTop":0
	},
	{
		"buildingName": "Support Building", 
		"buildingNumber": "Building 4638",
		"descriptionParagraph": "Test json paragraph ~",
		"images" : ["temp.jpg"],
		"thumbnailIcon": "temp.jpg",
		"iconType": 5,
		"active": false, 
		"markerLeft":0, 
		"markerTop":0
	},
	{
		"buildingName": "Shop Building", 
		"buildingNumber": "Building 4639",
		"descriptionParagraph": "Test json paragraph ~",
		"images" : ["temp.jpg"],
		"thumbnailIcon": "temp.jpg",
		"iconType": 5,
		"active": false, 
		"markerLeft":0, 
		"markerTop":0
	},
	{
		"buildingName": "Hazardous Waste Facility", 
		"buildingNumber": "Building 4640",
		"descriptionParagraph": "Test json paragraph ~",
		"images" : ["temp.jpg"],
		"thumbnailIcon": "temp.jpg",
		"iconType": 5,
		"active": false, 
		"markerLeft":0, 
		"markerTop":0
	},
	{
		"buildingName": "Shop", 
		"buildingNumber": "Building 4642",
		"descriptionParagraph": "Test json paragraph ~",
		"images" : ["temp.jpg"],
		"thumbnailIcon": "temp.jpg",
		"iconType": 5,
		"active": false, 
		"markerLeft":0, 
		"markerTop":0
	},
	{
		"buildingName": "Propellants & Reactive", 
		"buildingNumber": "Building 4643",
		"descriptionParagraph": "Test json paragraph ~",
		"images" : ["temp.jpg"],
		"thumbnailIcon": "temp.jpg",
		"iconType": 5,
		"active": false, 
		"markerLeft":0, 
		"markerTop":0
	},
	{
		"buildingName": "Emergency Equipment", 
		"buildingNumber": "Building 4644",
		"descriptionParagraph": "Test json paragraph ~",
		"images" : ["temp.jpg"],
		"thumbnailIcon": "temp.jpg",
		"iconType": 5,
		"active": false, 
		"markerLeft":0, 
		"markerTop":0
	},
	{
		"buildingName": "Blockhouse", 
		"buildingNumber": "Building 4646",
		"descriptionParagraph": "Test json paragraph ~",
		"images" : ["temp.jpg"],
		"thumbnailIcon": "temp.jpg",
		"iconType": 5,
		"active": false, 
		"markerLeft":0, 
		"markerTop":0
	},
	{
		"buildingName": "Vacuum Pressure Test", 
		"buildingNumber": "Building 4647",
		"descriptionParagraph": "Test json paragraph ~",
		"images" : ["temp.jpg"],
		"thumbnailIcon": "temp.jpg",
		"iconType": 5,
		"active": false, 
		"markerLeft":0, 
		"markerTop":0
	},
	{
		"buildingName": "High Pressure Test", 
		"buildingNumber": "Building 4648",
		"descriptionParagraph": "Test json paragraph ~",
		"images" : ["temp.jpg"],
		"thumbnailIcon": "temp.jpg",
		"iconType": 5,
		"active": false, 
		"markerLeft":0, 
		"markerTop":0
	},
	{
		"buildingName": "Multi-purpose Highbay", 
		"buildingNumber": "Building 4649",
		"descriptionParagraph": "Test json paragraph ~",
		"images" : ["temp.jpg"],
		"thumbnailIcon": "temp.jpg",
		"iconType": 5,
		"active": false, 
		"markerLeft":0, 
		"markerTop":0
	},
	{
		"buildingName": "Shop & Calibration", 
		"buildingNumber": "Building 4650",
		"descriptionParagraph": "Test json paragraph ~",
		"images" : ["temp.jpg"],
		"thumbnailIcon": "temp.jpg",
		"iconType": 5,
		"active": false, 
		"markerLeft":0, 
		"markerTop":0
	},
	{
		"buildingName": "Boiler House", 
		"buildingNumber": "Building 4650A",
		"descriptionParagraph": "Test json paragraph ~",
		"images" : ["temp.jpg"],
		"thumbnailIcon": "temp.jpg",
		"iconType": 5,
		"active": false, 
		"markerLeft":0, 
		"markerTop":0
	},
	{
		"buildingName": "Ground Water Treatment", 
		"buildingNumber": "Building 4651",
		"descriptionParagraph": "Test json paragraph ~",
		"images" : ["temp.jpg"],
		"thumbnailIcon": "temp.jpg",
		"iconType": 5,
		"active": false, 
		"markerLeft":0, 
		"markerTop":0
	},
	{
		"buildingName": "Components Service", 
		"buildingNumber": "Building 4653",
		"descriptionParagraph": "Test json paragraph ~",
		"images" : ["temp.jpg"],
		"thumbnailIcon": "temp.jpg",
		"iconType": 5,
		"active": false, 
		"markerLeft":0, 
		"markerTop":0
	},
	{
		"buildingName": "Office Building", 
		"buildingNumber": "Building 4654",
		"descriptionParagraph": "Test json paragraph ~",
		"images" : ["temp.jpg"],
		"thumbnailIcon": "temp.jpg",
		"iconType": 5,
		"active": false, 
		"markerLeft":0, 
		"markerTop":0
	},
	{
		"buildingName": "Multi-Purpose Highbay", 
		"buildingNumber": "Building 4655",
		"descriptionParagraph": "Test json paragraph ~",
		"images" : ["temp.jpg"],
		"thumbnailIcon": "temp.jpg",
		"iconType": 5,
		"active": false, 
		"markerLeft":0, 
		"markerTop":0
	},
	{
		"buildingName": "Shed", 
		"buildingNumber": "Building 4655-1",
		"descriptionParagraph": "Test json paragraph ~",
		"images" : ["temp.jpg"],
		"thumbnailIcon": "temp.jpg",
		"iconType": 5,
		"active": false, 
		"markerLeft":0, 
		"markerTop":0
	},
	{
		"buildingName": "Component Development", 
		"buildingNumber": "Building 4656",
		"descriptionParagraph": "Test json paragraph ~",
		"images" : ["temp.jpg"],
		"thumbnailIcon": "temp.jpg",
		"iconType": 5,
		"active": false, 
		"markerLeft":0, 
		"markerTop":0
	},
	{
		"buildingName": "LH2 Vaporization", 
		"buildingNumber": "Building 4657",
		"descriptionParagraph": "Test json paragraph ~",
		"images" : ["temp.jpg"],
		"thumbnailIcon": "temp.jpg",
		"iconType": 5,
		"active": false, 
		"markerLeft":0, 
		"markerTop":0
	},
	{
		"buildingName": "Ambient Air Vaporizers", 
		"buildingNumber": "Building 4657A",
		"descriptionParagraph": "Test json paragraph ~",
		"images" : ["temp.jpg"],
		"thumbnailIcon": "temp.jpg",
		"iconType": 5,
		"active": false, 
		"markerLeft":0, 
		"markerTop":0
	},
	{
		"buildingName": "Electrical Equipment", 
		"buildingNumber": "Building 4657B",
		"descriptionParagraph": "Test json paragraph ~",
		"images" : ["temp.jpg"],
		"thumbnailIcon": "temp.jpg",
		"iconType": 5,
		"active": false, 
		"markerLeft":0, 
		"markerTop":0
	},
	{
		"buildingName": "Blower Building", 
		"buildingNumber": "Building 4658",
		"descriptionParagraph": "Test json paragraph ~",
		"images" : ["temp.jpg"],
		"thumbnailIcon": "temp.jpg",
		"iconType": 5,
		"active": false, 
		"markerLeft":0, 
		"markerTop":0
	},
	{
		"buildingName": "HP GN2 Facility", 
		"buildingNumber": "Building 4659",
		"descriptionParagraph": "Test json paragraph ~",
		"images" : ["temp.jpg"],
		"thumbnailIcon": "temp.jpg",
		"iconType": 5,
		"active": false, 
		"markerLeft":0, 
		"markerTop":0
	},
	{
		"buildingName": "Diesel Storage Tank", 
		"buildingNumber": "Building 4659B",
		"descriptionParagraph": "Test json paragraph ~",
		"images" : ["temp.jpg"],
		"thumbnailIcon": "temp.jpg",
		"iconType": 5,
		"active": false, 
		"markerLeft":0, 
		"markerTop":0
	},
	{
		"buildingName": "Ambient Air Vaporizers", 
		"buildingNumber": "Building 4660A",
		"descriptionParagraph": "Test json paragraph ~",
		"images" : ["temp.jpg"],
		"thumbnailIcon": "temp.jpg",
		"iconType": 5,
		"active": false, 
		"markerLeft":0, 
		"markerTop":0
	},
	{
		"buildingName": "Scale House", 
		"buildingNumber": "Building 4661",
		"descriptionParagraph": "Test json paragraph ~",
		"images" : ["temp.jpg"],
		"thumbnailIcon": "temp.jpg",
		"iconType": 5,
		"active": false, 
		"markerLeft":0, 
		"markerTop":0
	},
	{
		"buildingName": "HOSC/NDC", 
		"buildingNumber": "Building 4663",
		"descriptionParagraph": "Test json paragraph ~",
		"images" : ["temp.jpg"],
		"thumbnailIcon": "temp.jpg",
		"iconType": 5,
		"active": false, 
		"markerLeft":0, 
		"markerTop":0
	},
	{
		"buildingName": "Office Building", 
		"buildingNumber": "Building 4666",
		"descriptionParagraph": "Test json paragraph ~",
		"images" : ["temp.jpg"],
		"thumbnailIcon": "temp.jpg",
		"iconType": 5,
		"active": false, 
		"markerLeft":0, 
		"markerTop":0
	},
	{
		"buildingName": "Pump House", 
		"buildingNumber": "Building 4667",
		"descriptionParagraph": "Test json paragraph ~",
		"images" : ["temp.jpg"],
		"thumbnailIcon": "temp.jpg",
		"iconType": 5,
		"active": false, 
		"markerLeft":0, 
		"markerTop":0
	},
	{
		"buildingName": "Diesel Storage Tank", 
		"buildingNumber": "Building 4667A",
		"descriptionParagraph": "Test json paragraph ~",
		"images" : ["temp.jpg"],
		"thumbnailIcon": "temp.jpg",
		"iconType": 5,
		"active": false, 
		"markerLeft":0, 
		"markerTop":0
	},
	{
		"buildingName": "Water Reservoir", 
		"buildingNumber": "Building 4668",
		"descriptionParagraph": "Test json paragraph ~",
		"images" : ["temp.jpg"],
		"thumbnailIcon": "temp.jpg",
		"iconType": 5,
		"active": false, 
		"markerLeft":0, 
		"markerTop":0
	},
	{
		"buildingName": "Water Reservoir", 
		"buildingNumber": "Building 4669",
		"descriptionParagraph": "Test json paragraph ~",
		"images" : ["temp.jpg"],
		"thumbnailIcon": "temp.jpg",
		"iconType": 5,
		"active": false, 
		"markerLeft":0, 
		"markerTop":0
	},
	{
		"buildingName": "Advanced Engine Test", 
		"buildingNumber": "Building 4670",
		"descriptionParagraph": "Test json paragraph ~",
		"images" : ["temp.jpg"],
		"thumbnailIcon": "temp.jpg",
		"iconType": 5,
		"active": false, 
		"markerLeft":0, 
		"markerTop":0
	},
	{
		"buildingName": "Bunker", 
		"buildingNumber": "Building 4670A",
		"descriptionParagraph": "Test json paragraph ~",
		"images" : ["temp.jpg"],
		"thumbnailIcon": "temp.jpg",
		"iconType": 5,
		"active": false, 
		"markerLeft":0, 
		"markerTop":0
	},
	{
		"buildingName": "Shed", 
		"buildingNumber": "Building 4670B",
		"descriptionParagraph": "Test json paragraph ~",
		"images" : ["temp.jpg"],
		"thumbnailIcon": "temp.jpg",
		"iconType": 5,
		"active": false, 
		"markerLeft":0, 
		"markerTop":0
	},
	{
		"buildingName": "West Test Area Support", 
		"buildingNumber": "Building 4671",
		"descriptionParagraph": "Test json paragraph ~",
		"images" : ["temp.jpg"],
		"thumbnailIcon": "temp.jpg",
		"iconType": 5,
		"active": false, 
		"markerLeft":0, 
		"markerTop":0
	},
	{
		"buildingName": "Shed", 
		"buildingNumber": "Building 4671A",
		"descriptionParagraph": "Test json paragraph ~",
		"images" : ["temp.jpg"],
		"thumbnailIcon": "temp.jpg",
		"iconType": 5,
		"active": false, 
		"markerLeft":0, 
		"markerTop":0
	},
	{
		"buildingName": "Shed", 
		"buildingNumber": "Building 4671B",
		"descriptionParagraph": "Test json paragraph ~",
		"images" : ["temp.jpg"],
		"thumbnailIcon": "temp.jpg",
		"iconType": 5,
		"active": false, 
		"markerLeft":0, 
		"markerTop":0
	},
	{
		"buildingName": "West Test Area LH2", 
		"buildingNumber": "Building 4672",
		"descriptionParagraph": "Test json paragraph ~",
		"images" : ["temp.jpg"],
		"thumbnailIcon": "temp.jpg",
		"iconType": 5,
		"active": false, 
		"markerLeft":0, 
		"markerTop":0
	},
	{
		"buildingName": "Control Facility", 
		"buildingNumber": "Building 4674",
		"descriptionParagraph": "Test json paragraph ~",
		"images" : ["temp.jpg"],
		"thumbnailIcon": "temp.jpg",
		"iconType": 5,
		"active": false, 
		"markerLeft":0, 
		"markerTop":0
	},
	{
		"buildingName": "Helium Compressor", 
		"buildingNumber": "Building 4676",
		"descriptionParagraph": "Test json paragraph ~",
		"images" : ["temp.jpg"],
		"thumbnailIcon": "temp.jpg",
		"iconType": 5,
		"active": false, 
		"markerLeft":0, 
		"markerTop":0
	},
	{
		"buildingName": "Shed", 
		"buildingNumber": "Building 4676A",
		"descriptionParagraph": "Test json paragraph ~",
		"images" : ["temp.jpg"],
		"thumbnailIcon": "temp.jpg",
		"iconType": 5,
		"active": false, 
		"markerLeft":0, 
		"markerTop":0
	},
	{
		"buildingName": "Maintenance Storage", 
		"buildingNumber": "Building 4677",
		"descriptionParagraph": "Test json paragraph ~",
		"images" : ["temp.jpg"],
		"thumbnailIcon": "temp.jpg",
		"iconType": 5,
		"active": false, 
		"markerLeft":0, 
		"markerTop":0
	},
	{
		"buildingName": "Shop Building", 
		"buildingNumber": "Building 4678",
		"descriptionParagraph": "Test json paragraph ~",
		"images" : ["temp.jpg"],
		"thumbnailIcon": "temp.jpg",
		"iconType": 5,
		"active": false, 
		"markerLeft":0, 
		"markerTop":0
	},
	{
		"buildingName": "Electrical Equipment", 
		"buildingNumber": "Building 4679",
		"descriptionParagraph": "Test json paragraph ~",
		"images" : ["temp.jpg"],
		"thumbnailIcon": "temp.jpg",
		"iconType": 5,
		"active": false, 
		"markerLeft":0, 
		"markerTop":0
	},
	{
		"buildingName": "Test Support Building", 
		"buildingNumber": "Building 4680",
		"descriptionParagraph": "Test json paragraph ~",
		"images" : ["temp.jpg"],
		"thumbnailIcon": "temp.jpg",
		"iconType": 5,
		"active": false, 
		"markerLeft":0, 
		"markerTop":0
	},
	{
		"buildingName": "Storage Facility", 
		"buildingNumber": "Building 4681",
		"descriptionParagraph": "Test json paragraph ~",
		"images" : ["temp.jpg"],
		"thumbnailIcon": "temp.jpg",
		"iconType": 5,
		"active": false, 
		"markerLeft":0, 
		"markerTop":0
	},
	{
		"buildingName": "Portable Storage", 
		"buildingNumber": "Building 4682",
		"descriptionParagraph": "Test json paragraph ~",
		"images" : ["temp.jpg"],
		"thumbnailIcon": "temp.jpg",
		"iconType": 5,
		"active": false, 
		"markerLeft":0, 
		"markerTop":0
	},
	{
		"buildingName": "Storage Building", 
		"buildingNumber": "Building 4682A",
		"descriptionParagraph": "Test json paragraph ~",
		"images" : ["temp.jpg"],
		"thumbnailIcon": "temp.jpg",
		"iconType": 5,
		"active": false, 
		"markerLeft":0, 
		"markerTop":0
	},
	{
		"buildingName": "Test Bunker", 
		"buildingNumber": "Building 4684",
		"descriptionParagraph": "Test json paragraph ~",
		"images" : ["temp.jpg"],
		"thumbnailIcon": "temp.jpg",
		"iconType": 5,
		"active": false, 
		"markerLeft":0, 
		"markerTop":0
	},
	{
		"buildingName": "Test Support Facility", 
		"buildingNumber": "Building 4685",
		"descriptionParagraph": "Test json paragraph ~",
		"images" : ["temp.jpg"],
		"thumbnailIcon": "temp.jpg",
		"iconType": 5,
		"active": false, 
		"markerLeft":0, 
		"markerTop":0
	},
	{
		"buildingName": "Storage Building", 
		"buildingNumber": "Building 4688",
		"descriptionParagraph": "Test json paragraph ~",
		"images" : ["temp.jpg"],
		"thumbnailIcon": "temp.jpg",
		"iconType": 5,
		"active": false, 
		"markerLeft":0, 
		"markerTop":0
	},
	{
		"buildingName": "Cross Connect Building", 
		"buildingNumber": "Building 4692",
		"descriptionParagraph": "Test json paragraph ~",
		"images" : ["temp.jpg"],
		"thumbnailIcon": "temp.jpg",
		"iconType": 5,
		"active": false, 
		"markerLeft":0, 
		"markerTop":0
	},
	{
		"buildingName": "Test Stand", 
		"buildingNumber": "Building 4693",
		"descriptionParagraph": "Test json paragraph ~",
		"images" : ["temp.jpg"],
		"thumbnailIcon": "temp.jpg",
		"iconType": 5,
		"active": false, 
		"markerLeft":0, 
		"markerTop":0
	},
	{
		"buildingName": "Tunnel Access", 
		"buildingNumber": "Building 4693A",
		"descriptionParagraph": "Test json paragraph ~",
		"images" : ["temp.jpg"],
		"thumbnailIcon": "temp.jpg",
		"iconType": 5,
		"active": false, 
		"markerLeft":0, 
		"markerTop":0
	},
	{
		"buildingName": "Test Support Building", 
		"buildingNumber": "Building 4693B",
		"descriptionParagraph": "Test json paragraph ~",
		"images" : ["temp.jpg"],
		"thumbnailIcon": "temp.jpg",
		"iconType": 5,
		"active": false, 
		"markerLeft":0, 
		"markerTop":0
	},
	{
		"buildingName": "Storage Building", 
		"buildingNumber": "Building 4694",
		"descriptionParagraph": "Test json paragraph ~",
		"images" : ["temp.jpg"],
		"thumbnailIcon": "temp.jpg",
		"iconType": 5,
		"active": false, 
		"markerLeft":0, 
		"markerTop":0
	},
	{
		"buildingName": "Transit Shed", 
		"buildingNumber": "Building 4694A",
		"descriptionParagraph": "Test json paragraph ~",
		"images" : ["temp.jpg"],
		"thumbnailIcon": "temp.jpg",
		"iconType": 5,
		"active": false, 
		"markerLeft":0, 
		"markerTop":0
	},
	{
		"buildingName": "Bunker", 
		"buildingNumber": "Building 4696-1",
		"descriptionParagraph": "Test json paragraph ~",
		"images" : ["temp.jpg"],
		"thumbnailIcon": "temp.jpg",
		"iconType": 5,
		"active": false, 
		"markerLeft":0, 
		"markerTop":0
	},
	{
		"buildingName": "Vehicle Static Test", 
		"buildingNumber": "Building 4697",
		"descriptionParagraph": "Test json paragraph ~",
		"images" : ["temp.jpg"],
		"thumbnailIcon": "temp.jpg",
		"iconType": 5,
		"active": false, 
		"markerLeft":0, 
		"markerTop":0
	},
	{
		"buildingName": "Cable Storage Facility", 
		"buildingNumber": "Building 4698",
		"descriptionParagraph": "Test json paragraph ~",
		"images" : ["temp.jpg"],
		"thumbnailIcon": "temp.jpg",
		"iconType": 5,
		"active": false, 
		"markerLeft":0, 
		"markerTop":0
	},
	{
		"buildingName": "Cryogenic Structural", 
		"buildingNumber": "Building 4699",
		"descriptionParagraph": "Test json paragraph ~",
		"images" : ["temp.jpg"],
		"thumbnailIcon": "temp.jpg",
		"iconType": 5,
		"active": false, 
		"markerLeft":0, 
		"markerTop":0
	},
	{
		"buildingName": "Terminal Building", 
		"buildingNumber": "Building 4699A",
		"descriptionParagraph": "Test json paragraph ~",
		"images" : ["temp.jpg"],
		"thumbnailIcon": "temp.jpg",
		"iconType": 5,
		"active": false, 
		"markerLeft":0, 
		"markerTop":0
	},
	{
		"buildingName": "Hydrogen Tanks", 
		"buildingNumber": "Building 4699B",
		"descriptionParagraph": "Test json paragraph ~",
		"images" : ["temp.jpg"],
		"thumbnailIcon": "temp.jpg",
		"iconType": 5,
		"active": false, 
		"markerLeft":0, 
		"markerTop":0
	},
	{
		"buildingName": "Deionized Water Facility", 
		"buildingNumber": "Building 4700",
		"descriptionParagraph": "Test json paragraph ~",
		"images" : ["temp.jpg"],
		"thumbnailIcon": "temp.jpg",
		"iconType": 5,
		"active": false, 
		"markerLeft":0, 
		"markerTop":0
	},
	{
		"buildingName": "Non-Destructive", 
		"buildingNumber": "Building 4702",
		"descriptionParagraph": "Test json paragraph ~",
		"images" : ["temp.jpg"],
		"thumbnailIcon": "temp.jpg",
		"iconType": 5,
		"active": false, 
		"markerLeft":0, 
		"markerTop":0
	},
	{
		"buildingName": "Storage Building", 
		"buildingNumber": "Building 4703",
		"descriptionParagraph": "Test json paragraph ~",
		"images" : ["temp.jpg"],
		"thumbnailIcon": "temp.jpg",
		"iconType": 5,
		"active": false, 
		"markerLeft":0, 
		"markerTop":0
	},
	{
		"buildingName": "Heat Treatment Facility", 
		"buildingNumber": "Building 4704",
		"descriptionParagraph": "Test json paragraph ~",
		"images" : ["temp.jpg"],
		"thumbnailIcon": "temp.jpg",
		"iconType": 5,
		"active": false, 
		"markerLeft":0, 
		"markerTop":0
	},
	{
		"buildingName": "Multi-Purpose Highbay", 
		"buildingNumber": "Building 4705",
		"descriptionParagraph": "Test json paragraph ~",
		"images" : ["temp.jpg"],
		"thumbnailIcon": "temp.jpg",
		"iconType": 5,
		"active": false, 
		"markerLeft":0, 
		"markerTop":0
	},
	{
		"buildingName": "National Center for Adv",
		"buildingNumber": "Building 4707",
		"descriptionParagraph": "Test json paragraph ~",
		"images" : ["temp.jpg"],
		"thumbnailIcon": "temp.jpg",
		"iconType": 5,
		"active": false, 
		"markerLeft":0, 
		"markerTop":0
	},
	{
		"buildingName": "Shed", 
		"buildingNumber": "Building 4707A",
		"descriptionParagraph": "Test json paragraph ~",
		"images" : ["temp.jpg"],
		"thumbnailIcon": "temp.jpg",
		"iconType": 5,
		"active": false, 
		"markerLeft":0, 
		"markerTop":0
	},
	{
		"buildingName": "Engineering &", 
		"buildingNumber": "Building 4708",
		"descriptionParagraph": "Test json paragraph ~",
		"images" : ["temp.jpg"],
		"thumbnailIcon": "temp.jpg",
		"iconType": 5,
		"active": false, 
		"markerLeft":0, 
		"markerTop":0
	},
	{
		"buildingName": "Development Processes", 
		"buildingNumber": "Building 4711",
		"descriptionParagraph": "Test json paragraph ~",
		"images" : ["temp.jpg"],
		"thumbnailIcon": "temp.jpg",
		"iconType": 5,
		"active": false, 
		"markerLeft":0, 
		"markerTop":0
	},
	{
		"buildingName": "Mechanical Equipment", 
		"buildingNumber": "Building 4714",
		"descriptionParagraph": "Test json paragraph ~",
		"images" : ["temp.jpg"],
		"thumbnailIcon": "temp.jpg",
		"iconType": 5,
		"active": false, 
		"markerLeft":0, 
		"markerTop":0
	},
	{
		"buildingName": "Storage Building", 
		"buildingNumber": "Building 4715",
		"descriptionParagraph": "Test json paragraph ~",
		"images" : ["temp.jpg"],
		"thumbnailIcon": "temp.jpg",
		"iconType": 5,
		"active": false, 
		"markerLeft":0, 
		"markerTop":0
	},
	{
		"buildingName": "X-Ray Calibration", 
		"buildingNumber": "Building 4718",
		"descriptionParagraph": "Test json paragraph ~",
		"images" : ["temp.jpg"],
		"thumbnailIcon": "temp.jpg",
		"iconType": 5,
		"active": false, 
		"markerLeft":0, 
		"markerTop":0
	},
	{
		"buildingName": "X-Ray Calibration", 
		"buildingNumber": "Building 4718-1",
		"descriptionParagraph": "Test json paragraph ~",
		"images" : ["temp.jpg"],
		"thumbnailIcon": "temp.jpg",
		"iconType": 5,
		"active": false, 
		"markerLeft":0, 
		"markerTop":0
	},
	{
		"buildingName": "X-Ray Calibration", 
		"buildingNumber": "Building 4718-2",
		"descriptionParagraph": "Test json paragraph ~",
		"images" : ["temp.jpg"],
		"thumbnailIcon": "temp.jpg",
		"iconType": 5,
		"active": false, 
		"markerLeft":0, 
		"markerTop":0
	},
	{
		"buildingName": "X-Ray Calibration", 
		"buildingNumber": "Building 4718-3",
		"descriptionParagraph": "Test json paragraph ~",
		"images" : ["temp.jpg"],
		"thumbnailIcon": "temp.jpg",
		"iconType": 5,
		"active": false, 
		"markerLeft":0, 
		"markerTop":0
	},
	{
		"buildingName": "Refrigeration Storage", 
		"buildingNumber": "Building 4720",
		"descriptionParagraph": "Test json paragraph ~",
		"images" : ["temp.jpg"],
		"thumbnailIcon": "temp.jpg",
		"iconType": 5,
		"active": false, 
		"markerLeft":0, 
		"markerTop":0
	},
	{
		"buildingName": "Shop & Storage", 
		"buildingNumber": "Building 4723",
		"descriptionParagraph": "Test json paragraph ~",
		"images" : ["temp.jpg"],
		"thumbnailIcon": "temp.jpg",
		"iconType": 5,
		"active": false, 
		"markerLeft":0, 
		"markerTop":0
	},
	{
		"buildingName": "Office Building", 
		"buildingNumber": "Building 4727",
		"descriptionParagraph": "Test json paragraph ~",
		"images" : ["temp.jpg"],
		"thumbnailIcon": "temp.jpg",
		"iconType": 5,
		"active": false, 
		"markerLeft":0, 
		"markerTop":0
	},
	{
		"buildingName": "Storage Shed", 
		"buildingNumber": "Building 4730",
		"descriptionParagraph": "Test json paragraph ~",
		"images" : ["temp.jpg"],
		"thumbnailIcon": "temp.jpg",
		"iconType": 5,
		"active": false, 
		"markerLeft":0, 
		"markerTop":0
	},
	{
		"buildingName": "Storage Facility", 
		"buildingNumber": "Building 4731",
		"descriptionParagraph": "Test json paragraph ~",
		"images" : ["temp.jpg"],
		"thumbnailIcon": "temp.jpg",
		"iconType": 5,
		"active": false, 
		"markerLeft":0, 
		"markerTop":0
	},
	{
		"buildingName": "Office & Wind Tunnel", 
		"buildingNumber": "Building 4732",
		"descriptionParagraph": "Test json paragraph ~",
		"images" : ["temp.jpg"],
		"thumbnailIcon": "temp.jpg",
		"iconType": 5,
		"active": false, 
		"markerLeft":0, 
		"markerTop":0
	},
	{
		"buildingName": "Impulse Base Flow", 
		"buildingNumber": "Building 4733",
		"descriptionParagraph": "Test json paragraph ~",
		"images" : ["temp.jpg"],
		"thumbnailIcon": "temp.jpg",
		"iconType": 5,
		"active": false, 
		"markerLeft":0, 
		"markerTop":0
	},
	{
		"buildingName": "Vacuum Pump House", 
		"buildingNumber": "Building 4734",
		"descriptionParagraph": "Test json paragraph ~",
		"images" : ["temp.jpg"],
		"thumbnailIcon": "temp.jpg",
		"iconType": 5,
		"active": false, 
		"markerLeft":0, 
		"markerTop":0
	},
	{
		"buildingName": "Air Dryer House", 
		"buildingNumber": "Building 4735",
		"descriptionParagraph": "Test json paragraph ~",
		"images" : ["temp.jpg"],
		"thumbnailIcon": "temp.jpg",
		"iconType": 5,
		"active": false, 
		"markerLeft":0, 
		"markerTop":0
	},
	{
		"buildingName": "Dry Air Storage Tank", 
		"buildingNumber": "Building 4736",
		"descriptionParagraph": "Test json paragraph ~",
		"images" : ["temp.jpg"],
		"thumbnailIcon": "temp.jpg",
		"iconType": 5,
		"active": false, 
		"markerLeft":0, 
		"markerTop":0
	},
	{
		"buildingName": "Dry Air Storage Tank", 
		"buildingNumber": "Building 4737",
		"descriptionParagraph": "Test json paragraph ~",
		"images" : ["temp.jpg"],
		"thumbnailIcon": "temp.jpg",
		"iconType": 5,
		"active": false, 
		"markerLeft":0, 
		"markerTop":0
	},
	{
		"buildingName": "Plasma Burn Shed &", 
		"buildingNumber": "Building 4738",
		"descriptionParagraph": "Test json paragraph ~",
		"images" : ["temp.jpg"],
		"thumbnailIcon": "temp.jpg",
		"iconType": 5,
		"active": false, 
		"markerLeft":0, 
		"markerTop":0
	},
	{
		"buildingName": "Picnic Pavilion", 
		"buildingNumber": "Building 4743",
		"descriptionParagraph": "Test json paragraph ~",
		"images" : ["temp.jpg"],
		"thumbnailIcon": "temp.jpg",
		"iconType": 5,
		"active": false, 
		"markerLeft":0, 
		"markerTop":0
	},
	{
		"buildingName": "Sandblast Facility", 
		"buildingNumber": "Building 4745",
		"descriptionParagraph": "Test json paragraph ~",
		"images" : ["temp.jpg"],
		"thumbnailIcon": "temp.jpg",
		"iconType": 5,
		"active": false, 
		"markerLeft":0, 
		"markerTop":0
	},
	{
		"buildingName": "Sandblast Support", 
		"buildingNumber": "Building 4745-1",
		"descriptionParagraph": "Test json paragraph ~",
		"images" : ["temp.jpg"],
		"thumbnailIcon": "temp.jpg",
		"iconType": 5,
		"active": false, 
		"markerLeft":0, 
		"markerTop":0
	},
	{
		"buildingName": "Precision Electroforming", 
		"buildingNumber": "Building 4747",
		"descriptionParagraph": "Test json paragraph ~",
		"images" : ["temp.jpg"],
		"thumbnailIcon": "temp.jpg",
		"iconType": 5,
		"active": false, 
		"markerLeft":0, 
		"markerTop":0
	},
	{
		"buildingName": "Bath/Shower Facility", 
		"buildingNumber": "Building 4748",
		"descriptionParagraph": "Test json paragraph ~",
		"images" : ["temp.jpg"],
		"thumbnailIcon": "temp.jpg",
		"iconType": 5,
		"active": false, 
		"markerLeft":0, 
		"markerTop":0
	},
	{
		"buildingName": "Restroom Facility", 
		"buildingNumber": "Building 4749",
		"descriptionParagraph": "Test json paragraph ~",
		"images" : ["temp.jpg"],
		"thumbnailIcon": "temp.jpg",
		"iconType": 5,
		"active": false, 
		"markerLeft":0, 
		"markerTop":0
	},
	{
		"buildingName": "High Presure Air", 
		"buildingNumber": "Building 4751",
		"descriptionParagraph": "Test json paragraph ~",
		"images" : ["temp.jpg"],
		"thumbnailIcon": "temp.jpg",
		"iconType": 5,
		"active": false, 
		"markerLeft":0, 
		"markerTop":0
	},
	{
		"buildingName": "Multi-Purpose High Bay", 
		"buildingNumber": "Building 4752",
		"descriptionParagraph": "Test json paragraph ~",
		"images" : ["temp.jpg"],
		"thumbnailIcon": "temp.jpg",
		"iconType": 5,
		"active": false, 
		"markerLeft":0, 
		"markerTop":0
	},
	{
		"buildingName": "Storage Facility", 
		"buildingNumber": "Building 4752A",
		"descriptionParagraph": "Test json paragraph ~",
		"images" : ["temp.jpg"],
		"thumbnailIcon": "temp.jpg",
		"iconType": 5,
		"active": false, 
		"markerLeft":0, 
		"markerTop":0
	},
	{
		"buildingName": "Highbay Shop Building", 
		"buildingNumber": "Building 4754",
		"descriptionParagraph": "Test json paragraph ~",
		"images" : ["temp.jpg"],
		"thumbnailIcon": "temp.jpg",
		"iconType": 5,
		"active": false, 
		"markerLeft":0, 
		"markerTop":0
	},
	{
		"buildingName": "Flight Hardware", 
		"buildingNumber": "Building 4755",
		"descriptionParagraph": "Test json paragraph ~",
		"images" : ["temp.jpg"],
		"thumbnailIcon": "temp.jpg",
		"iconType": 5,
		"active": true, 
		"markerLeft":4, 
		"markerTop":66
	},
	{
		"buildingName": "Fire Protection Pumping", 
		"buildingNumber": "Building 4755A",
		"descriptionParagraph": "Test json paragraph ~",
		"images" : ["temp.jpg"],
		"thumbnailIcon": "temp.jpg",
		"iconType": 5,
		"active": false, 
		"markerLeft":0, 
		"markerTop":0
	},
	{
		"buildingName": "Hardware/Tool Storage", 
		"buildingNumber": "Building 4757",
		"descriptionParagraph": "Test json paragraph ~",
		"images" : ["temp.jpg"],
		"thumbnailIcon": "temp.jpg",
		"iconType": 5,
		"active": false, 
		"markerLeft":0, 
		"markerTop":0
	},
	{
		"buildingName": "Storage Facility", 
		"buildingNumber": "Building 4757A",
		"descriptionParagraph": "Test json paragraph ~",
		"images" : ["temp.jpg"],
		"thumbnailIcon": "temp.jpg",
		"iconType": 5,
		"active": false, 
		"markerLeft":0, 
		"markerTop":0
	},
	{
		"buildingName": "Storage Building", 
		"buildingNumber": "Building 4758",
		"descriptionParagraph": "Test json paragraph ~",
		"images" : ["temp.jpg"],
		"thumbnailIcon": "temp.jpg",
		"iconType": 5,
		"active": false, 
		"markerLeft":0, 
		"markerTop":0
	},
	{
		"buildingName": "Shop", 
		"buildingNumber": "Building 4759",
		"descriptionParagraph": "Test json paragraph ~",
		"images" : ["temp.jpg"],
		"thumbnailIcon": "temp.jpg",
		"iconType": 5,
		"active": false, 
		"markerLeft":0, 
		"markerTop":0
	},
	{
		"buildingName": "Surface Treatment", 
		"buildingNumber": "Building 4760",
		"descriptionParagraph": "Test json paragraph ~",
		"images" : ["temp.jpg"],
		"thumbnailIcon": "temp.jpg",
		"iconType": 5,
		"active": false, 
		"markerLeft":0, 
		"markerTop":0
	},
	{
		"buildingName": "Waste Water Treatment", 
		"buildingNumber": "Building 4761",
		"descriptionParagraph": "Test json paragraph ~",
		"images" : ["temp.jpg"],
		"thumbnailIcon": "temp.jpg",
		"iconType": 5,
		"active": false, 
		"markerLeft":0, 
		"markerTop":0
	},
	{
		"buildingName": "Thermal Protection Sys", 
		"buildingNumber": "Building 4765",
		"descriptionParagraph": "Test json paragraph ~",
		"images" : ["temp.jpg"],
		"thumbnailIcon": "temp.jpg",
		"iconType": 5,
		"active": false, 
		"markerLeft":0, 
		"markerTop":0
	},
	{
		"buildingName": "Boiler House", 
		"buildingNumber": "Building 4765A",
		"descriptionParagraph": "Test json paragraph ~",
		"images" : ["temp.jpg"],
		"thumbnailIcon": "temp.jpg",
		"iconType": 5,
		"active": false, 
		"markerLeft":0, 
		"markerTop":0
	},
	{
		"buildingName": "Inert Propellant Casting", 
		"buildingNumber": "Building 4767",
		"descriptionParagraph": "Test json paragraph ~",
		"images" : ["temp.jpg"],
		"thumbnailIcon": "temp.jpg",
		"iconType": 5,
		"active": false, 
		"markerLeft":0, 
		"markerTop":0
	},
	{
		"buildingName": "Pump Shelter", 
		"buildingNumber": "Building 4767A",
		"descriptionParagraph": "Test json paragraph ~",
		"images" : ["temp.jpg"],
		"thumbnailIcon": "temp.jpg",
		"iconType": 5,
		"active": false, 
		"markerLeft":0, 
		"markerTop":0
	},
	{
		"buildingName": "Machine Shop", 
		"buildingNumber": "Building 4774",
		"descriptionParagraph": "Test json paragraph ~",
		"images" : ["temp.jpg"],
		"thumbnailIcon": "temp.jpg",
		"iconType": 5,
		"active": false, 
		"markerLeft":0, 
		"markerTop":0
	},
	{
		"buildingName": "High Reynolds Number", 
		"buildingNumber": "Building 4775",
		"descriptionParagraph": "Test json paragraph ~",
		"images" : ["temp.jpg"],
		"thumbnailIcon": "temp.jpg",
		"iconType": 5,
		"active": false, 
		"markerLeft":0, 
		"markerTop":0
	},
	{
		"buildingName": "Low-Density Flow", 
		"buildingNumber": "Building 4776",
		"descriptionParagraph": "Test json paragraph ~",
		"images" : ["temp.jpg"],
		"thumbnailIcon": "temp.jpg",
		"iconType": 5,
		"active": false, 
		"markerLeft":0, 
		"markerTop":0
	},
	{
		"buildingName": "Engine Dynamic Fluid",
		"buildingNumber": "Building 4777",
		"descriptionParagraph": "Test json paragraph ~",
		"images" : ["temp.jpg"],
		"thumbnailIcon": "temp.jpg",
		"iconType": 5,
		"active": false, 
		"markerLeft":0, 
		"markerTop":0
	},
	{
		"buildingName": "Freezer Facility", 
		"buildingNumber": "Building 4778",
		"descriptionParagraph": "Test json paragraph ~",
		"images" : ["temp.jpg"],
		"thumbnailIcon": "temp.jpg",
		"iconType": 5,
		"active": false, 
		"markerLeft":0, 
		"markerTop":0
	}
]}
